nohup: ignoring input
============================================================
 YOLO TRAINING PIPELINE
============================================================
 Checking dataset structure...
    ../YOLODataset/images/train: 837 files
    ../YOLODataset/images/val: 239 files
    ../YOLODataset/labels/train: 837 files
    ../YOLODataset/labels/val: 239 files

 Creating dataset.yaml...
    Created: ../YOLODataset/dataset_for_training.yaml

 Loading yolov8n model...
   (First time will download ~2.5MB - this may take 1-2 minutes)

 Preparing yolov8n model...
   (If first time, will download ~2.5MB - please wait...)
   Downloaded/loaded successfully!

  Training Configuration:
   Model: yolov8n
   Image Size: 512
   Batch Size: 16
   Epochs: 100
   Device: cuda
   Confidence Threshold: 0.5

 Starting training...
   Run name: smoke_detection_20260421_230439
amdgpu.ids: No such file or directory
Ultralytics 8.4.41 🚀 Python-3.12.5 torch-2.5.1+rocm6.2 CUDA:0 (AMD Radeon Graphics, 65520MiB)
[34m[1mengine/trainer: [0magnostic_nms=False, amp=True, angle=1.0, augment=False, auto_augment=randaugment, batch=16, bgr=0.0, box=7.5, cache=False, cfg=None, classes=None, close_mosaic=10, cls=0.5, cls_pw=0.0, compile=False, conf=0.5, copy_paste=0.0, copy_paste_mode=flip, cos_lr=False, cutmix=0.0, data=../YOLODataset/dataset_for_training.yaml, degrees=0.0, deterministic=True, device=0, dfl=1.5, dnn=False, dropout=0.0, dynamic=False, embed=None, end2end=None, epochs=100, erasing=0.4, exist_ok=False, fliplr=0.5, flipud=0.0, format=torchscript, fraction=1.0, freeze=None, half=False, hsv_h=0.015, hsv_s=0.7, hsv_v=0.4, imgsz=512, int8=False, iou=0.45, keras=False, kobj=1.0, line_width=None, lr0=0.01, lrf=0.01, mask_ratio=4, max_det=300, mixup=0.0, mode=train, model=yolov8n.pt, momentum=0.937, mosaic=1.0, multi_scale=0.0, name=smoke_detection_20260421_230439, nbs=64, nms=False, opset=None, optimize=False, optimizer=auto, overlap_mask=True, patience=15, perspective=0.0, plots=True, pose=12.0, pretrained=True, profile=False, project=./models/, rect=False, resume=False, retina_masks=False, rle=1.0, save=True, save_conf=False, save_crop=False, save_dir=/work/users/ng739/cubesat/model/cubesat/yolo_model/runs/detect/models/smoke_detection_20260421_230439, save_frames=False, save_json=False, save_period=-1, save_txt=False, scale=0.5, seed=0, shear=0.0, show=False, show_boxes=True, show_conf=True, show_labels=True, simplify=True, single_cls=False, source=None, split=val, stream_buffer=False, task=detect, time=None, tracker=botsort.yaml, translate=0.1, val=True, verbose=True, vid_stride=1, visualize=False, warmup_bias_lr=0.1, warmup_epochs=3.0, warmup_momentum=0.8, weight_decay=0.0005, workers=8, workspace=None
[KDownloading https://ultralytics.com/assets/Arial.ttf to '/home/ng739/.config/Ultralytics/Arial.ttf': 18% ━━────────── 136.0/755.1KB 1.3MB/s 0.1s<0.5s[KDownloading https://ultralytics.com/assets/Arial.ttf to '/home/ng739/.config/Ultralytics/Arial.ttf': 100% ━━━━━━━━━━━━ 755.1KB 4.3MB/s 0.2s
Overriding model.yaml nc=80 with nc=1

                   from  n    params  module                                       arguments                     
  0                  -1  1       464  ultralytics.nn.modules.conv.Conv             [3, 16, 3, 2]                 
  1                  -1  1      4672  ultralytics.nn.modules.conv.Conv             [16, 32, 3, 2]                
  2                  -1  1      7360  ultralytics.nn.modules.block.C2f             [32, 32, 1, True]             
  3                  -1  1     18560  ultralytics.nn.modules.conv.Conv             [32, 64, 3, 2]                
  4                  -1  2     49664  ultralytics.nn.modules.block.C2f             [64, 64, 2, True]             
  5                  -1  1     73984  ultralytics.nn.modules.conv.Conv             [64, 128, 3, 2]               
  6                  -1  2    197632  ultralytics.nn.modules.block.C2f             [128, 128, 2, True]           
  7                  -1  1    295424  ultralytics.nn.modules.conv.Conv             [128, 256, 3, 2]              
  8                  -1  1    460288  ultralytics.nn.modules.block.C2f             [256, 256, 1, True]           
  9                  -1  1    164608  ultralytics.nn.modules.block.SPPF            [256, 256, 5]                 
 10                  -1  1         0  torch.nn.modules.upsampling.Upsample         [None, 2, 'nearest']          
 11             [-1, 6]  1         0  ultralytics.nn.modules.conv.Concat           [1]                           
 12                  -1  1    148224  ultralytics.nn.modules.block.C2f             [384, 128, 1]                 
 13                  -1  1         0  torch.nn.modules.upsampling.Upsample         [None, 2, 'nearest']          
 14             [-1, 4]  1         0  ultralytics.nn.modules.conv.Concat           [1]                           
 15                  -1  1     37248  ultralytics.nn.modules.block.C2f             [192, 64, 1]                  
 16                  -1  1     36992  ultralytics.nn.modules.conv.Conv             [64, 64, 3, 2]                
 17            [-1, 12]  1         0  ultralytics.nn.modules.conv.Concat           [1]                           
 18                  -1  1    123648  ultralytics.nn.modules.block.C2f             [192, 128, 1]                 
 19                  -1  1    147712  ultralytics.nn.modules.conv.Conv             [128, 128, 3, 2]              
 20             [-1, 9]  1         0  ultralytics.nn.modules.conv.Concat           [1]                           
 21                  -1  1    493056  ultralytics.nn.modules.block.C2f             [384, 256, 1]                 
 22        [15, 18, 21]  1    751507  ultralytics.nn.modules.head.Detect           [1, 16, None, [64, 128, 256]] 
Model summary: 130 layers, 3,011,043 parameters, 3,011,027 gradients, 8.2 GFLOPs

Transferred 319/355 items from pretrained weights
Freezing layer 'model.22.dfl.conv.weight'
[34m[1mAMP: [0mrunning Automatic Mixed Precision (AMP) checks...
[KDownloading https://github.com/ultralytics/assets/releases/download/v8.4.0/yolo26n.pt to 'yolo26n.pt': 2% ──────────── 128.0KB/5.3MB 1.2MB/s 0.1s<4.2s[KDownloading https://github.com/ultralytics/assets/releases/download/v8.4.0/yolo26n.pt to 'yolo26n.pt': 25% ━━━───────── 1.3/5.3MB 12.2MB/s 0.2s<0.3s[KDownloading https://github.com/ultralytics/assets/releases/download/v8.4.0/yolo26n.pt to 'yolo26n.pt': 100% ━━━━━━━━━━━━ 5.3MB 20.0MB/s 0.3s
[34m[1mAMP: [0mchecks passed ✅
[34m[1mtrain: [0mFast image access ✅ (ping: 0.3±0.0 ms, read: 294.2±366.8 MB/s, size: 190.0 KB)
[K[34m[1mtrain: [0mScanning /work/users/ng739/cubesat/model/cubesat/YOLODataset/labels/train... 288 images, 193 backgrounds, 0 corrupt: 34% ━━━━──────── 288/837 858.0it/s 0.1s<0.6s[K[34m[1mtrain: [0mScanning /work/users/ng739/cubesat/model/cubesat/YOLODataset/labels/train... 539 images, 251 backgrounds, 0 corrupt: 64% ━━━━━━━╸──── 539/837 1.4Kit/s 0.2s<0.2s[K[34m[1mtrain: [0mScanning /work/users/ng739/cubesat/model/cubesat/YOLODataset/labels/train... 785 images, 354 backgrounds, 0 corrupt: 94% ━━━━━━━━━━━─ 785/837 1.7Kit/s 0.3s<0.0s[K[34m[1mtrain: [0mScanning /work/users/ng739/cubesat/model/cubesat/YOLODataset/labels/train... 837 images, 393 backgrounds, 0 corrupt: 100% ━━━━━━━━━━━━ 837/837 2.7Kit/s 0.3s
[34m[1mtrain: [0mNew cache created: /work/users/ng739/cubesat/model/cubesat/YOLODataset/labels/train.cache
[34m[1malbumentations: [0mBlur(p=0.01, blur_limit=(3, 7)), MedianBlur(p=0.01, blur_limit=(3, 7)), ToGray(p=0.01, method='weighted_average', num_output_channels=3), CLAHE(p=0.01, clip_limit=(1.0, 4.0), tile_grid_size=(8, 8))
[34m[1mval: [0mFast image access ✅ (ping: 0.1±0.1 ms, read: 291.1±275.2 MB/s, size: 341.9 KB)
[K[34m[1mval: [0mScanning /work/users/ng739/cubesat/model/cubesat/YOLODataset/labels/val... 162 images, 65 backgrounds, 0 corrupt: 68% ━━━━━━━━──── 162/239 485.2it/s 0.1s<0.2s[K[34m[1mval: [0mScanning /work/users/ng739/cubesat/model/cubesat/YOLODataset/labels/val... 239 images, 97 backgrounds, 0 corrupt: 100% ━━━━━━━━━━━━ 239/239 1.5Kit/s 0.2s
[34m[1mval: [0mNew cache created: /work/users/ng739/cubesat/model/cubesat/YOLODataset/labels/val.cache
[34m[1moptimizer:[0m 'optimizer=auto' found, ignoring 'lr0=0.01' and 'momentum=0.937' and determining best 'optimizer', 'lr0' and 'momentum' automatically... 
[34m[1moptimizer:[0m AdamW(lr=0.002, momentum=0.9) with parameter groups 57 weight(decay=0.0), 64 weight(decay=0.0005), 63 bias(decay=0.0)
Plotting labels to /work/users/ng739/cubesat/model/cubesat/yolo_model/runs/detect/models/smoke_detection_20260421_230439/labels.jpg... 
/work/users/ng739/cubesat/cubesat/lib/python3.12/site-packages/mlflow/tracking/_tracking_service/utils.py:184: FutureWarning: The filesystem tracking backend (e.g., './mlruns') is deprecated as of February 2026. Consider transitioning to a database backend (e.g., 'sqlite:///mlflow.db') to take advantage of the latest MLflow features. See https://mlflow.org/docs/latest/self-hosting/migrate-from-file-store for migration guidance.
  return FileStore(store_uri, store_uri)
2026/04/21 23:05:01 INFO mlflow.tracking.fluent: Experiment with name './models/' does not exist. Creating a new experiment.
[34m[1mMLflow: [0mlogging run_id(c454af16b79c42b3b9a45bf24cdb470e) to runs/mlflow
[34m[1mMLflow: [0mview at http://127.0.0.1:5000 with 'mlflow server --backend-store-uri runs/mlflow'
[34m[1mMLflow: [0mdisable with 'yolo settings mlflow=False'
Image sizes 512 train, 512 val
Using 8 dataloader workers
Logging results to [1m/work/users/ng739/cubesat/model/cubesat/yolo_model/runs/detect/models/smoke_detection_20260421_230439[0m
Starting training for 100 epochs...

      Epoch    GPU_mem   box_loss   cls_loss   dfl_loss  Instances       Size
Warning: Workspace for DeviceGroupedConvBwdWeightTwoStage_Xdl_CShuffle::Argument is not allocated, use SetWorkSpacePointer.
Warning: Workspace for DeviceGroupedConvBwdWeightTwoStage_Xdl_CShuffle::Argument is not allocated, use SetWorkSpacePointer.
Warning: Workspace for DeviceGroupedConvBwdWeightTwoStage_Xdl_CShuffle::Argument is not allocated, use SetWorkSpacePointer.
Warning: Workspace for DeviceGroupedConvBwdWeightTwoStage_Xdl_CShuffle::Argument is not allocated, use SetWorkSpacePointer.
Warning: Workspace for DeviceGroupedConvBwdWeightTwoStage_Xdl_CShuffle::Argument is not allocated, use SetWorkSpacePointer.
Warning: Workspace for DeviceGroupedConvBwdWeightTwoStage_Xdl_CShuffle::Argument is not allocated, use SetWorkSpacePointer.
Warning: Workspace for DeviceGroupedConvBwdWeightTwoStage_Xdl_CShuffle::Argument is not allocated, use SetWorkSpacePointer.
Warning: Workspace for DeviceGroupedConvBwdWeightTwoStage_Xdl_CShuffle::Argument is not allocated, use SetWorkSpacePointer.
Warning: Workspace for DeviceGroupedConvBwdWeightTwoStage_Xdl_CShuffle::Argument is not allocated, use SetWorkSpacePointer.
Warning: Workspace for DeviceGroupedConvBwdWeightTwoStage_Xdl_CShuffle::Argument is not allocated, use SetWorkSpacePointer.
Warning: Workspace for DeviceGroupedConvBwdWeightTwoStage_Xdl_CShuffle::Argument is not allocated, use SetWorkSpacePointer.
Warning: Workspace for DeviceGroupedConvBwdWeightTwoStage_Xdl_CShuffle::Argument is not allocated, use SetWorkSpacePointer.
Warning: Workspace for DeviceGroupedConvBwdWeightTwoStage_Xdl_CShuffle::Argument is not allocated, use SetWorkSpacePointer.
Warning: Workspace for DeviceGroupedConvBwdWeightTwoStage_Xdl_CShuffle::Argument is not allocated, use SetWorkSpacePointer.
Warning: Workspace for DeviceGroupedConvBwdWeightTwoStage_Xdl_CShuffle::Argument is not allocated, use SetWorkSpacePointer.
Warning: Workspace for DeviceGroupedConvBwdWeightTwoStage_Xdl_CShuffle::Argument is not allocated, use SetWorkSpacePointer.
Warning: Workspace for DeviceGroupedConvBwdWeightTwoStage_Xdl_CShuffle::Argument is not allocated, use SetWorkSpacePointer.
Warning: Workspace for DeviceGroupedConvBwdWeightTwoStage_Xdl_CShuffle::Argument is not allocated, use SetWorkSpacePointer.
Warning: Workspace for DeviceGroupedConvBwdWeightTwoStage_Xdl_CShuffle::Argument is not allocated, use SetWorkSpacePointer.
Warning: Workspace for DeviceGroupedConvBwdWeightTwoStage_Xdl_CShuffle::Argument is not allocated, use SetWorkSpacePointer.
Warning: Workspace for DeviceGroupedConvBwdWeightTwoStage_Xdl_CShuffle::Argument is not allocated, use SetWorkSpacePointer.
Warning: Workspace for DeviceGroupedConvBwdWeightTwoStage_Xdl_CShuffle::Argument is not allocated, use SetWorkSpacePointer.
Warning: Workspace for DeviceGroupedConvBwdWeightTwoStage_Xdl_CShuffle::Argument is not allocated, use SetWorkSpacePointer.
Warning: Workspace for DeviceGroupedConvBwdWeightTwoStage_Xdl_CShuffle::Argument is not allocated, use SetWorkSpacePointer.
Warning: Workspace for DeviceGroupedConvBwdWeightTwoStage_Xdl_CShuffle::Argument is not allocated, use SetWorkSpacePointer.
Warning: Workspace for DeviceGroupedConvBwdWeightTwoStage_Xdl_CShuffle::Argument is not allocated, use SetWorkSpacePointer.
Warning: Workspace for DeviceGroupedConvBwdWeightTwoStage_Xdl_CShuffle::Argument is not allocated, use SetWorkSpacePointer.
Warning: Workspace for DeviceGroupedConvBwdWeightTwoStage_Xdl_CShuffle::Argument is not allocated, use SetWorkSpacePointer.
Warning: Workspace for DeviceGroupedConvBwdWeightTwoStage_Xdl_CShuffle::Argument is not allocated, use SetWorkSpacePointer.
Warning: Workspace for DeviceGroupedConvBwdWeightTwoStage_Xdl_CShuffle::Argument is not allocated, use SetWorkSpacePointer.
Warning: Workspace for DeviceGroupedConvBwdWeightTwoStage_Xdl_CShuffle::Argument is not allocated, use SetWorkSpacePointer.
Warning: Workspace for DeviceGroupedConvBwdWeightTwoStage_Xdl_CShuffle::Argument is not allocated, use SetWorkSpacePointer.
Warning: Workspace for DeviceGroupedConvBwdWeightTwoStage_Xdl_CShuffle::Argument is not allocated, use SetWorkSpacePointer.
Warning: Workspace for DeviceGroupedConvBwdWeightTwoStage_Xdl_CShuffle::Argument is not allocated, use SetWorkSpacePointer.
Warning: Workspace for DeviceGroupedConvBwdWeightTwoStage_Xdl_CShuffle::Argument is not allocated, use SetWorkSpacePointer.
Warning: Workspace for DeviceGroupedConvBwdWeightTwoStage_Xdl_CShuffle::Argument is not allocated, use SetWorkSpacePointer.
Warning: Workspace for DeviceGroupedConvBwdWeightTwoStage_Xdl_CShuffle::Argument is not allocated, use SetWorkSpacePointer.
Warning: Workspace for DeviceGroupedConvBwdWeightTwoStage_Xdl_CShuffle::Argument is not allocated, use SetWorkSpacePointer.
Warning: Workspace for DeviceGroupedConvBwdWeightTwoStage_Xdl_CShuffle::Argument is not allocated, use SetWorkSpacePointer.
Warning: Workspace for DeviceGroupedConvBwdWeightTwoStage_Xdl_CShuffle::Argument is not allocated, use SetWorkSpacePointer.
Warning: Workspace for DeviceGroupedConvBwdWeightTwoStage_Xdl_CShuffle::Argument is not allocated, use SetWorkSpacePointer.
Warning: Workspace for DeviceGroupedConvBwdWeightTwoStage_Xdl_CShuffle::Argument is not allocated, use SetWorkSpacePointer.
Warning: Workspace for DeviceGroupedConvBwdWeightTwoStage_Xdl_CShuffle::Argument is not allocated, use SetWorkSpacePointer.
Warning: Workspace for DeviceGroupedConvBwdWeightTwoStage_Xdl_CShuffle::Argument is not allocated, use SetWorkSpacePointer.
Warning: Workspace for DeviceGroupedConvBwdWeightTwoStage_Xdl_CShuffle::Argument is not allocated, use SetWorkSpacePointer.
Warning: Workspace for DeviceGroupedConvBwdWeightTwoStage_Xdl_CShuffle::Argument is not allocated, use SetWorkSpacePointer.
Warning: Workspace for DeviceGroupedConvBwdWeightTwoStage_Xdl_CShuffle::Argument is not allocated, use SetWorkSpacePointer.
Warning: Workspace for DeviceGroupedConvBwdWeightTwoStage_Xdl_CShuffle::Argument is not allocated, use SetWorkSpacePointer.
Warning: Workspace for DeviceGroupedConvBwdWeightTwoStage_Xdl_CShuffle::Argument is not allocated, use SetWorkSpacePointer.
Warning: Workspace for DeviceGroupedConvBwdWeightTwoStage_Xdl_CShuffle::Argument is not allocated, use SetWorkSpacePointer.
Warning: Workspace for DeviceGroupedConvBwdWeightTwoStage_Xdl_CShuffle::Argument is not allocated, use SetWorkSpacePointer.
Warning: Workspace for DeviceGroupedConvBwdWeightTwoStage_Xdl_CShuffle::Argument is not allocated, use SetWorkSpacePointer.
Warning: Workspace for DeviceGroupedConvBwdWeightTwoStage_Xdl_CShuffle::Argument is not allocated, use SetWorkSpacePointer.
Warning: Workspace for DeviceGroupedConvBwdWeightTwoStage_Xdl_CShuffle::Argument is not allocated, use SetWorkSpacePointer.
Warning: Workspace for DeviceGroupedConvBwdWeightTwoStage_Xdl_CShuffle::Argument is not allocated, use SetWorkSpacePointer.
Warning: Workspace for DeviceGroupedConvBwdWeightTwoStage_Xdl_CShuffle::Argument is not allocated, use SetWorkSpacePointer.
Warning: Workspace for DeviceGroupedConvBwdWeightTwoStage_Xdl_CShuffle::Argument is not allocated, use SetWorkSpacePointer.
Warning: Workspace for DeviceGroupedConvBwdWeightTwoStage_Xdl_CShuffle::Argument is not allocated, use SetWorkSpacePointer.
Warning: Workspace for DeviceGroupedConvBwdWeightTwoStage_Xdl_CShuffle::Argument is not allocated, use SetWorkSpacePointer.
Warning: Workspace for DeviceGroupedConvBwdWeightTwoStage_Xdl_CShuffle::Argument is not allocated, use SetWorkSpacePointer.
Warning: Workspace for DeviceGroupedConvBwdWeightTwoStage_Xdl_CShuffle::Argument is not allocated, use SetWorkSpacePointer.
Warning: Workspace for DeviceGroupedConvBwdWeightTwoStage_Xdl_CShuffle::Argument is not allocated, use SetWorkSpacePointer.
Warning: Workspace for DeviceGroupedConvBwdWeightTwoStage_Xdl_CShuffle::Argument is not allocated, use SetWorkSpacePointer.
Warning: Workspace for DeviceGroupedConvBwdWeightTwoStage_Xdl_CShuffle::Argument is not allocated, use SetWorkSpacePointer.
Warning: Workspace for DeviceGroupedConvBwdWeightTwoStage_Xdl_CShuffle::Argument is not allocated, use SetWorkSpacePointer.
Warning: Workspace for DeviceGroupedConvBwdWeightTwoStage_Xdl_CShuffle::Argument is not allocated, use SetWorkSpacePointer.
Warning: Workspace for DeviceGroupedConvBwdWeightTwoStage_Xdl_CShuffle::Argument is not allocated, use SetWorkSpacePointer.
Warning: Workspace for DeviceGroupedConvBwdWeightTwoStage_Xdl_CShuffle::Argument is not allocated, use SetWorkSpacePointer.
Warning: Workspace for DeviceGroupedConvBwdWeightTwoStage_Xdl_CShuffle::Argument is not allocated, use SetWorkSpacePointer.
Warning: Workspace for DeviceGroupedConvBwdWeightTwoStage_Xdl_CShuffle::Argument is not allocated, use SetWorkSpacePointer.
Warning: Workspace for DeviceGroupedConvBwdWeightTwoStage_Xdl_CShuffle::Argument is not allocated, use SetWorkSpacePointer.
Warning: Workspace for DeviceGroupedConvBwdWeightTwoStage_Xdl_CShuffle::Argument is not allocated, use SetWorkSpacePointer.
Warning: Workspace for DeviceGroupedConvBwdWeightTwoStage_Xdl_CShuffle::Argument is not allocated, use SetWorkSpacePointer.
Warning: Workspace for DeviceGroupedConvBwdWeightTwoStage_Xdl_CShuffle::Argument is not allocated, use SetWorkSpacePointer.
Warning: Workspace for DeviceGroupedConvBwdWeightTwoStage_Xdl_CShuffle::Argument is not allocated, use SetWorkSpacePointer.
Warning: Workspace for DeviceGroupedConvBwdWeightTwoStage_Xdl_CShuffle::Argument is not allocated, use SetWorkSpacePointer.
Warning: Workspace for DeviceGroupedConvBwdWeightTwoStage_Xdl_CShuffle::Argument is not allocated, use SetWorkSpacePointer.
Warning: Workspace for DeviceGroupedConvBwdWeightTwoStage_Xdl_CShuffle::Argument is not allocated, use SetWorkSpacePointer.
Warning: Workspace for DeviceGroupedConvBwdWeightTwoStage_Xdl_CShuffle::Argument is not allocated, use SetWorkSpacePointer.
Warning: Workspace for DeviceGroupedConvBwdWeightTwoStage_Xdl_CShuffle::Argument is not allocated, use SetWorkSpacePointer.
Warning: Workspace for DeviceGroupedConvBwdWeightTwoStage_Xdl_CShuffle::Argument is not allocated, use SetWorkSpacePointer.
Warning: Workspace for DeviceGroupedConvBwdWeightTwoStage_Xdl_CShuffle::Argument is not allocated, use SetWorkSpacePointer.
Warning: Workspace for DeviceGroupedConvBwdWeightTwoStage_Xdl_CShuffle::Argument is not allocated, use SetWorkSpacePointer.
Warning: Workspace for DeviceGroupedConvBwdWeightTwoStage_Xdl_CShuffle::Argument is not allocated, use SetWorkSpacePointer.
Warning: Workspace for DeviceGroupedConvBwdWeightTwoStage_Xdl_CShuffle::Argument is not allocated, use SetWorkSpacePointer.
Warning: Workspace for DeviceGroupedConvBwdWeightTwoStage_Xdl_CShuffle::Argument is not allocated, use SetWorkSpacePointer.
Warning: Workspace for DeviceGroupedConvBwdWeightTwoStage_Xdl_CShuffle::Argument is not allocated, use SetWorkSpacePointer.
Warning: Workspace for DeviceGroupedConvBwdWeightTwoStage_Xdl_CShuffle::Argument is not allocated, use SetWorkSpacePointer.
Warning: Workspace for DeviceGroupedConvBwdWeightTwoStage_Xdl_CShuffle::Argument is not allocated, use SetWorkSpacePointer.
Warning: Workspace for DeviceGroupedConvBwdWeightTwoStage_Xdl_CShuffle::Argument is not allocated, use SetWorkSpacePointer.
Warning: Workspace for DeviceGroupedConvBwdWeightTwoStage_Xdl_CShuffle::Argument is not allocated, use SetWorkSpacePointer.
Warning: Workspace for DeviceGroupedConvBwdWeightTwoStage_Xdl_CShuffle::Argument is not allocated, use SetWorkSpacePointer.
Warning: Workspace for DeviceGroupedConvBwdWeightTwoStage_Xdl_CShuffle::Argument is not allocated, use SetWorkSpacePointer.
Warning: Workspace for DeviceGroupedConvBwdWeightTwoStage_Xdl_CShuffle::Argument is not allocated, use SetWorkSpacePointer.
Warning: Workspace for DeviceGroupedConvBwdWeightTwoStage_Xdl_CShuffle::Argument is not allocated, use SetWorkSpacePointer.
Warning: Workspace for DeviceGroupedConvBwdWeightTwoStage_Xdl_CShuffle::Argument is not allocated, use SetWorkSpacePointer.
Warning: Workspace for DeviceGroupedConvBwdWeightTwoStage_Xdl_CShuffle::Argument is not allocated, use SetWorkSpacePointer.
Warning: Workspace for DeviceGroupedConvBwdWeightTwoStage_Xdl_CShuffle::Argument is not allocated, use SetWorkSpacePointer.
Warning: Workspace for DeviceGroupedConvBwdWeightTwoStage_Xdl_CShuffle::Argument is not allocated, use SetWorkSpacePointer.
Warning: Workspace for DeviceGroupedConvBwdWeightTwoStage_Xdl_CShuffle::Argument is not allocated, use SetWorkSpacePointer.
Warning: Workspace for DeviceGroupedConvBwdWeightTwoStage_Xdl_CShuffle::Argument is not allocated, use SetWorkSpacePointer.
Warning: Workspace for DeviceGroupedConvBwdWeightTwoStage_Xdl_CShuffle::Argument is not allocated, use SetWorkSpacePointer.
Warning: Workspace for DeviceGroupedConvBwdWeightTwoStage_Xdl_CShuffle::Argument is not allocated, use SetWorkSpacePointer.
Warning: Workspace for DeviceGroupedConvBwdWeightTwoStage_Xdl_CShuffle::Argument is not allocated, use SetWorkSpacePointer.
Warning: Workspace for DeviceGroupedConvBwdWeightTwoStage_Xdl_CShuffle::Argument is not allocated, use SetWorkSpacePointer.
Warning: Workspace for DeviceGroupedConvBwdWeightTwoStage_Xdl_CShuffle::Argument is not allocated, use SetWorkSpacePointer.
Warning: Workspace for DeviceGroupedConvBwdWeightTwoStage_Xdl_CShuffle::Argument is not allocated, use SetWorkSpacePointer.
Warning: Workspace for DeviceGroupedConvBwdWeightTwoStage_Xdl_CShuffle::Argument is not allocated, use SetWorkSpacePointer.
Warning: Workspace for DeviceGroupedConvBwdWeightTwoStage_Xdl_CShuffle::Argument is not allocated, use SetWorkSpacePointer.
Warning: Workspace for DeviceGroupedConvBwdWeightTwoStage_Xdl_CShuffle::Argument is not allocated, use SetWorkSpacePointer.
Warning: Workspace for DeviceGroupedConvBwdWeightTwoStage_Xdl_CShuffle::Argument is not allocated, use SetWorkSpacePointer.
Warning: Workspace for DeviceGroupedConvBwdWeightTwoStage_Xdl_CShuffle::Argument is not allocated, use SetWorkSpacePointer.
Warning: Workspace for DeviceGroupedConvBwdWeightTwoStage_Xdl_CShuffle::Argument is not allocated, use SetWorkSpacePointer.
Warning: Workspace for DeviceGroupedConvBwdWeightTwoStage_Xdl_CShuffle::Argument is not allocated, use SetWorkSpacePointer.
Warning: Workspace for DeviceGroupedConvBwdWeightTwoStage_Xdl_CShuffle::Argument is not allocated, use SetWorkSpacePointer.
Warning: Workspace for DeviceGroupedConvBwdWeightTwoStage_Xdl_CShuffle::Argument is not allocated, use SetWorkSpacePointer.
Warning: Workspace for DeviceGroupedConvBwdWeightTwoStage_Xdl_CShuffle::Argument is not allocated, use SetWorkSpacePointer.
Warning: Workspace for DeviceGroupedConvBwdWeightTwoStage_Xdl_CShuffle::Argument is not allocated, use SetWorkSpacePointer.
Warning: Workspace for DeviceGroupedConvBwdWeightTwoStage_Xdl_CShuffle::Argument is not allocated, use SetWorkSpacePointer.
Warning: Workspace for DeviceGroupedConvBwdWeightTwoStage_Xdl_CShuffle::Argument is not allocated, use SetWorkSpacePointer.
Warning: Workspace for DeviceGroupedConvBwdWeightTwoStage_Xdl_CShuffle::Argument is not allocated, use SetWorkSpacePointer.
Warning: Workspace for DeviceGroupedConvBwdWeightTwoStage_Xdl_CShuffle::Argument is not allocated, use SetWorkSpacePointer.
Warning: Workspace for DeviceGroupedConvBwdWeightTwoStage_Xdl_CShuffle::Argument is not allocated, use SetWorkSpacePointer.
Warning: Workspace for DeviceGroupedConvBwdWeightTwoStage_Xdl_CShuffle::Argument is not allocated, use SetWorkSpacePointer.
Warning: Workspace for DeviceGroupedConvBwdWeightTwoStage_Xdl_CShuffle::Argument is not allocated, use SetWorkSpacePointer.
Warning: Workspace for DeviceGroupedConvBwdWeightTwoStage_Xdl_CShuffle::Argument is not allocated, use SetWorkSpacePointer.
Warning: Workspace for DeviceGroupedConvBwdWeightTwoStage_Xdl_CShuffle::Argument is not allocated, use SetWorkSpacePointer.
Warning: Workspace for DeviceGroupedConvBwdWeightTwoStage_Xdl_CShuffle::Argument is not allocated, use SetWorkSpacePointer.
Warning: Workspace for DeviceGroupedConvBwdWeightTwoStage_Xdl_CShuffle::Argument is not allocated, use SetWorkSpacePointer.
Warning: Workspace for DeviceGroupedConvBwdWeightTwoStage_Xdl_CShuffle::Argument is not allocated, use SetWorkSpacePointer.
Warning: Workspace for DeviceGroupedConvBwdWeightTwoStage_Xdl_CShuffle::Argument is not allocated, use SetWorkSpacePointer.
Warning: Workspace for DeviceGroupedConvBwdWeightTwoStage_Xdl_CShuffle::Argument is not allocated, use SetWorkSpacePointer.
Warning: Workspace for DeviceGroupedConvBwdWeightTwoStage_Xdl_CShuffle::Argument is not allocated, use SetWorkSpacePointer.
Warning: Workspace for DeviceGroupedConvBwdWeightTwoStage_Xdl_CShuffle::Argument is not allocated, use SetWorkSpacePointer.
Warning: Workspace for DeviceGroupedConvBwdWeightTwoStage_Xdl_CShuffle::Argument is not allocated, use SetWorkSpacePointer.
Warning: Workspace for DeviceGroupedConvBwdWeightTwoStage_Xdl_CShuffle::Argument is not allocated, use SetWorkSpacePointer.
Warning: Workspace for DeviceGroupedConvBwdWeightTwoStage_Xdl_CShuffle::Argument is not allocated, use SetWorkSpacePointer.
Warning: Workspace for DeviceGroupedConvBwdWeightTwoStage_Xdl_CShuffle::Argument is not allocated, use SetWorkSpacePointer.
Warning: Workspace for DeviceGroupedConvBwdWeightTwoStage_Xdl_CShuffle::Argument is not allocated, use SetWorkSpacePointer.
Warning: Workspace for DeviceGroupedConvBwdWeightTwoStage_Xdl_CShuffle::Argument is not allocated, use SetWorkSpacePointer.
Warning: Workspace for DeviceGroupedConvBwdWeightTwoStage_Xdl_CShuffle::Argument is not allocated, use SetWorkSpacePointer.
Warning: Workspace for DeviceGroupedConvBwdWeightTwoStage_Xdl_CShuffle::Argument is not allocated, use SetWorkSpacePointer.
Warning: Workspace for DeviceGroupedConvBwdWeightTwoStage_Xdl_CShuffle::Argument is not allocated, use SetWorkSpacePointer.
Warning: Workspace for DeviceGroupedConvBwdWeightTwoStage_Xdl_CShuffle::Argument is not allocated, use SetWorkSpacePointer.
Warning: Workspace for DeviceGroupedConvBwdWeightTwoStage_Xdl_CShuffle::Argument is not allocated, use SetWorkSpacePointer.
Warning: Workspace for DeviceGroupedConvBwdWeightTwoStage_Xdl_CShuffle::Argument is not allocated, use SetWorkSpacePointer.
Warning: Workspace for DeviceGroupedConvBwdWeightTwoStage_Xdl_CShuffle::Argument is not allocated, use SetWorkSpacePointer.
Warning: Workspace for DeviceGroupedConvBwdWeightTwoStage_Xdl_CShuffle::Argument is not allocated, use SetWorkSpacePointer.
Warning: Workspace for DeviceGroupedConvBwdWeightTwoStage_Xdl_CShuffle::Argument is not allocated, use SetWorkSpacePointer.
Warning: Workspace for DeviceGroupedConvBwdWeightTwoStage_Xdl_CShuffle::Argument is not allocated, use SetWorkSpacePointer.
Warning: Workspace for DeviceGroupedConvBwdWeightTwoStage_Xdl_CShuffle::Argument is not allocated, use SetWorkSpacePointer.
Warning: Workspace for DeviceGroupedConvBwdWeightTwoStage_Xdl_CShuffle::Argument is not allocated, use SetWorkSpacePointer.
Warning: Workspace for DeviceGroupedConvBwdWeightTwoStage_Xdl_CShuffle::Argument is not allocated, use SetWorkSpacePointer.
Warning: Workspace for DeviceGroupedConvBwdWeightTwoStage_Xdl_CShuffle::Argument is not allocated, use SetWorkSpacePointer.
Warning: Workspace for DeviceGroupedConvBwdWeightTwoStage_Xdl_CShuffle::Argument is not allocated, use SetWorkSpacePointer.
Warning: Workspace for DeviceGroupedConvBwdWeightTwoStage_Xdl_CShuffle::Argument is not allocated, use SetWorkSpacePointer.
Warning: Workspace for DeviceGroupedConvBwdWeightTwoStage_Xdl_CShuffle::Argument is not allocated, use SetWorkSpacePointer.
Warning: Workspace for DeviceGroupedConvBwdWeightTwoStage_Xdl_CShuffle::Argument is not allocated, use SetWorkSpacePointer.
Warning: Workspace for DeviceGroupedConvBwdWeightTwoStage_Xdl_CShuffle::Argument is not allocated, use SetWorkSpacePointer.
Warning: Workspace for DeviceGroupedConvBwdWeightTwoStage_Xdl_CShuffle::Argument is not allocated, use SetWorkSpacePointer.
Warning: Workspace for DeviceGroupedConvBwdWeightTwoStage_Xdl_CShuffle::Argument is not allocated, use SetWorkSpacePointer.
Warning: Workspace for DeviceGroupedConvBwdWeightTwoStage_Xdl_CShuffle::Argument is not allocated, use SetWorkSpacePointer.
Warning: Workspace for DeviceGroupedConvBwdWeightTwoStage_Xdl_CShuffle::Argument is not allocated, use SetWorkSpacePointer.
Warning: Workspace for DeviceGroupedConvBwdWeightTwoStage_Xdl_CShuffle::Argument is not allocated, use SetWorkSpacePointer.
Warning: Workspace for DeviceGroupedConvBwdWeightTwoStage_Xdl_CShuffle::Argument is not allocated, use SetWorkSpacePointer.
Warning: Workspace for DeviceGroupedConvBwdWeightTwoStage_Xdl_CShuffle::Argument is not allocated, use SetWorkSpacePointer.
Warning: Workspace for DeviceGroupedConvBwdWeightTwoStage_Xdl_CShuffle::Argument is not allocated, use SetWorkSpacePointer.
Warning: Workspace for DeviceGroupedConvBwdWeightTwoStage_Xdl_CShuffle::Argument is not allocated, use SetWorkSpacePointer.
Warning: Workspace for DeviceGroupedConvBwdWeightTwoStage_Xdl_CShuffle::Argument is not allocated, use SetWorkSpacePointer.
Warning: Workspace for DeviceGroupedConvBwdWeightTwoStage_Xdl_CShuffle::Argument is not allocated, use SetWorkSpacePointer.
Warning: Workspace for DeviceGroupedConvBwdWeightTwoStage_Xdl_CShuffle::Argument is not allocated, use SetWorkSpacePointer.
Warning: Workspace for DeviceGroupedConvBwdWeightTwoStage_Xdl_CShuffle::Argument is not allocated, use SetWorkSpacePointer.
Warning: Workspace for DeviceGroupedConvBwdWeightTwoStage_Xdl_CShuffle::Argument is not allocated, use SetWorkSpacePointer.
Warning: Workspace for DeviceGroupedConvBwdWeightTwoStage_Xdl_CShuffle::Argument is not allocated, use SetWorkSpacePointer.
Warning: Workspace for DeviceGroupedConvBwdWeightTwoStage_Xdl_CShuffle::Argument is not allocated, use SetWorkSpacePointer.
Warning: Workspace for DeviceGroupedConvBwdWeightTwoStage_Xdl_CShuffle::Argument is not allocated, use SetWorkSpacePointer.
Warning: Workspace for DeviceGroupedConvBwdWeightTwoStage_Xdl_CShuffle::Argument is not allocated, use SetWorkSpacePointer.
Warning: Workspace for DeviceGroupedConvBwdWeightTwoStage_Xdl_CShuffle::Argument is not allocated, use SetWorkSpacePointer.
Warning: Workspace for DeviceGroupedConvBwdWeightTwoStage_Xdl_CShuffle::Argument is not allocated, use SetWorkSpacePointer.
Warning: Workspace for DeviceGroupedConvBwdWeightTwoStage_Xdl_CShuffle::Argument is not allocated, use SetWorkSpacePointer.
Warning: Workspace for DeviceGroupedConvBwdWeightTwoStage_Xdl_CShuffle::Argument is not allocated, use SetWorkSpacePointer.
Warning: Workspace for DeviceGroupedConvBwdWeightTwoStage_Xdl_CShuffle::Argument is not allocated, use SetWorkSpacePointer.
Warning: Workspace for DeviceGroupedConvBwdWeightTwoStage_Xdl_CShuffle::Argument is not allocated, use SetWorkSpacePointer.
Warning: Workspace for DeviceGroupedConvBwdWeightTwoStage_Xdl_CShuffle::Argument is not allocated, use SetWorkSpacePointer.
Warning: Workspace for DeviceGroupedConvBwdWeightTwoStage_Xdl_CShuffle::Argument is not allocated, use SetWorkSpacePointer.
Warning: Workspace for DeviceGroupedConvBwdWeightTwoStage_Xdl_CShuffle::Argument is not allocated, use SetWorkSpacePointer.
Warning: Workspace for DeviceGroupedConvBwdWeightTwoStage_Xdl_CShuffle::Argument is not allocated, use SetWorkSpacePointer.
Warning: Workspace for DeviceGroupedConvBwdWeightTwoStage_Xdl_CShuffle::Argument is not allocated, use SetWorkSpacePointer.
Warning: Workspace for DeviceGroupedConvBwdWeightTwoStage_Xdl_CShuffle::Argument is not allocated, use SetWorkSpacePointer.
Warning: Workspace for DeviceGroupedConvBwdWeightTwoStage_Xdl_CShuffle::Argument is not allocated, use SetWorkSpacePointer.
Warning: Workspace for DeviceGroupedConvBwdWeightTwoStage_Xdl_CShuffle::Argument is not allocated, use SetWorkSpacePointer.
Warning: Workspace for DeviceGroupedConvBwdWeightTwoStage_Xdl_CShuffle::Argument is not allocated, use SetWorkSpacePointer.
Warning: Workspace for DeviceGroupedConvBwdWeightTwoStage_Xdl_CShuffle::Argument is not allocated, use SetWorkSpacePointer.
Warning: Workspace for DeviceGroupedConvBwdWeightTwoStage_Xdl_CShuffle::Argument is not allocated, use SetWorkSpacePointer.
Warning: Workspace for DeviceGroupedConvBwdWeightTwoStage_Xdl_CShuffle::Argument is not allocated, use SetWorkSpacePointer.
Warning: Workspace for DeviceGroupedConvBwdWeightTwoStage_Xdl_CShuffle::Argument is not allocated, use SetWorkSpacePointer.
Warning: Workspace for DeviceGroupedConvBwdWeightTwoStage_Xdl_CShuffle::Argument is not allocated, use SetWorkSpacePointer.
Warning: Workspace for DeviceGroupedConvBwdWeightTwoStage_Xdl_CShuffle::Argument is not allocated, use SetWorkSpacePointer.
Warning: Workspace for DeviceGroupedConvBwdWeightTwoStage_Xdl_CShuffle::Argument is not allocated, use SetWorkSpacePointer.
Warning: Workspace for DeviceGroupedConvBwdWeightTwoStage_Xdl_CShuffle::Argument is not allocated, use SetWorkSpacePointer.
Warning: Workspace for DeviceGroupedConvBwdWeightTwoStage_Xdl_CShuffle::Argument is not allocated, use SetWorkSpacePointer.
Warning: Workspace for DeviceGroupedConvBwdWeightTwoStage_Xdl_CShuffle::Argument is not allocated, use SetWorkSpacePointer.
Warning: Workspace for DeviceGroupedConvBwdWeightTwoStage_Xdl_CShuffle::Argument is not allocated, use SetWorkSpacePointer.
Warning: Workspace for DeviceGroupedConvBwdWeightTwoStage_Xdl_CShuffle::Argument is not allocated, use SetWorkSpacePointer.
Warning: Workspace for DeviceGroupedConvBwdWeightTwoStage_Xdl_CShuffle::Argument is not allocated, use SetWorkSpacePointer.
Warning: Workspace for DeviceGroupedConvBwdWeightTwoStage_Xdl_CShuffle::Argument is not allocated, use SetWorkSpacePointer.
Warning: Workspace for DeviceGroupedConvBwdWeightTwoStage_Xdl_CShuffle::Argument is not allocated, use SetWorkSpacePointer.
Warning: Workspace for DeviceGroupedConvBwdWeightTwoStage_Xdl_CShuffle::Argument is not allocated, use SetWorkSpacePointer.
Warning: Workspace for DeviceGroupedConvBwdWeightTwoStage_Xdl_CShuffle::Argument is not allocated, use SetWorkSpacePointer.
Warning: Workspace for DeviceGroupedConvBwdWeightTwoStage_Xdl_CShuffle::Argument is not allocated, use SetWorkSpacePointer.
Warning: Workspace for DeviceGroupedConvBwdWeightTwoStage_Xdl_CShuffle::Argument is not allocated, use SetWorkSpacePointer.
Warning: Workspace for DeviceGroupedConvBwdWeightTwoStage_Xdl_CShuffle::Argument is not allocated, use SetWorkSpacePointer.
Warning: Workspace for DeviceGroupedConvBwdWeightTwoStage_Xdl_CShuffle::Argument is not allocated, use SetWorkSpacePointer.
Warning: Workspace for DeviceGroupedConvBwdWeightTwoStage_Xdl_CShuffle::Argument is not allocated, use SetWorkSpacePointer.
Warning: Workspace for DeviceGroupedConvBwdWeightTwoStage_Xdl_CShuffle::Argument is not allocated, use SetWorkSpacePointer.
Warning: Workspace for DeviceGroupedConvBwdWeightTwoStage_Xdl_CShuffle::Argument is not allocated, use SetWorkSpacePointer.
Warning: Workspace for DeviceGroupedConvBwdWeightTwoStage_Xdl_CShuffle::Argument is not allocated, use SetWorkSpacePointer.
Warning: Workspace for DeviceGroupedConvBwdWeightTwoStage_Xdl_CShuffle::Argument is not allocated, use SetWorkSpacePointer.
Warning: Workspace for DeviceGroupedConvBwdWeightTwoStage_Xdl_CShuffle::Argument is not allocated, use SetWorkSpacePointer.
Warning: Workspace for DeviceGroupedConvBwdWeightTwoStage_Xdl_CShuffle::Argument is not allocated, use SetWorkSpacePointer.
Warning: Workspace for DeviceGroupedConvBwdWeightTwoStage_Xdl_CShuffle::Argument is not allocated, use SetWorkSpacePointer.
Warning: Workspace for DeviceGroupedConvBwdWeightTwoStage_Xdl_CShuffle::Argument is not allocated, use SetWorkSpacePointer.
Warning: Workspace for DeviceGroupedConvBwdWeightTwoStage_Xdl_CShuffle::Argument is not allocated, use SetWorkSpacePointer.
Warning: Workspace for DeviceGroupedConvBwdWeightTwoStage_Xdl_CShuffle::Argument is not allocated, use SetWorkSpacePointer.
Warning: Workspace for DeviceGroupedConvBwdWeightTwoStage_Xdl_CShuffle::Argument is not allocated, use SetWorkSpacePointer.
Warning: Workspace for DeviceGroupedConvBwdWeightTwoStage_Xdl_CShuffle::Argument is not allocated, use SetWorkSpacePointer.
Warning: Workspace for DeviceGroupedConvBwdWeightTwoStage_Xdl_CShuffle::Argument is not allocated, use SetWorkSpacePointer.
Warning: Workspace for DeviceGroupedConvBwdWeightTwoStage_Xdl_CShuffle::Argument is not allocated, use SetWorkSpacePointer.
Warning: Workspace for DeviceGroupedConvBwdWeightTwoStage_Xdl_CShuffle::Argument is not allocated, use SetWorkSpacePointer.
Warning: Workspace for DeviceGroupedConvBwdWeightTwoStage_Xdl_CShuffle::Argument is not allocated, use SetWorkSpacePointer.
Warning: Workspace for DeviceGroupedConvBwdWeightTwoStage_Xdl_CShuffle::Argument is not allocated, use SetWorkSpacePointer.
Warning: Workspace for DeviceGroupedConvBwdWeightTwoStage_Xdl_CShuffle::Argument is not allocated, use SetWorkSpacePointer.
Warning: Workspace for DeviceGroupedConvBwdWeightTwoStage_Xdl_CShuffle::Argument is not allocated, use SetWorkSpacePointer.
Warning: Workspace for DeviceGroupedConvBwdWeightTwoStage_Xdl_CShuffle::Argument is not allocated, use SetWorkSpacePointer.
Warning: Workspace for DeviceGroupedConvBwdWeightTwoStage_Xdl_CShuffle::Argument is not allocated, use SetWorkSpacePointer.
Warning: Workspace for DeviceGroupedConvBwdWeightTwoStage_Xdl_CShuffle::Argument is not allocated, use SetWorkSpacePointer.
Warning: Workspace for DeviceGroupedConvBwdWeightTwoStage_Xdl_CShuffle::Argument is not allocated, use SetWorkSpacePointer.
Warning: Workspace for DeviceGroupedConvBwdWeightTwoStage_Xdl_CShuffle::Argument is not allocated, use SetWorkSpacePointer.
Warning: Workspace for DeviceGroupedConvBwdWeightTwoStage_Xdl_CShuffle::Argument is not allocated, use SetWorkSpacePointer.
Warning: Workspace for DeviceGroupedConvBwdWeightTwoStage_Xdl_CShuffle::Argument is not allocated, use SetWorkSpacePointer.
Warning: Workspace for DeviceGroupedConvBwdWeightTwoStage_Xdl_CShuffle::Argument is not allocated, use SetWorkSpacePointer.
Warning: Workspace for DeviceGroupedConvBwdWeightTwoStage_Xdl_CShuffle::Argument is not allocated, use SetWorkSpacePointer.
Warning: Workspace for DeviceGroupedConvBwdWeightTwoStage_Xdl_CShuffle::Argument is not allocated, use SetWorkSpacePointer.
Warning: Workspace for DeviceGroupedConvBwdWeightTwoStage_Xdl_CShuffle::Argument is not allocated, use SetWorkSpacePointer.
Warning: Workspace for DeviceGroupedConvBwdWeightTwoStage_Xdl_CShuffle::Argument is not allocated, use SetWorkSpacePointer.
Warning: Workspace for DeviceGroupedConvBwdWeightTwoStage_Xdl_CShuffle::Argument is not allocated, use SetWorkSpacePointer.
Warning: Workspace for DeviceGroupedConvBwdWeightTwoStage_Xdl_CShuffle::Argument is not allocated, use SetWorkSpacePointer.
Warning: Workspace for DeviceGroupedConvBwdWeightTwoStage_Xdl_CShuffle::Argument is not allocated, use SetWorkSpacePointer.
Warning: Workspace for DeviceGroupedConvBwdWeightTwoStage_Xdl_CShuffle::Argument is not allocated, use SetWorkSpacePointer.
Warning: Workspace for DeviceGroupedConvBwdWeightTwoStage_Xdl_CShuffle::Argument is not allocated, use SetWorkSpacePointer.
Warning: Workspace for DeviceGroupedConvBwdWeightTwoStage_Xdl_CShuffle::Argument is not allocated, use SetWorkSpacePointer.
Warning: Workspace for DeviceGroupedConvBwdWeightTwoStage_Xdl_CShuffle::Argument is not allocated, use SetWorkSpacePointer.
Warning: Workspace for DeviceGroupedConvBwdWeightTwoStage_Xdl_CShuffle::Argument is not allocated, use SetWorkSpacePointer.
Warning: Workspace for DeviceGroupedConvBwdWeightTwoStage_Xdl_CShuffle::Argument is not allocated, use SetWorkSpacePointer.
Warning: Workspace for DeviceGroupedConvBwdWeightTwoStage_Xdl_CShuffle::Argument is not allocated, use SetWorkSpacePointer.
Warning: Workspace for DeviceGroupedConvBwdWeightTwoStage_Xdl_CShuffle::Argument is not allocated, use SetWorkSpacePointer.
Warning: Workspace for DeviceGroupedConvBwdWeightTwoStage_Xdl_CShuffle::Argument is not allocated, use SetWorkSpacePointer.
Warning: Workspace for DeviceGroupedConvBwdWeightTwoStage_Xdl_CShuffle::Argument is not allocated, use SetWorkSpacePointer.
Warning: Workspace for DeviceGroupedConvBwdWeightTwoStage_Xdl_CShuffle::Argument is not allocated, use SetWorkSpacePointer.
Warning: Workspace for DeviceGroupedConvBwdWeightTwoStage_Xdl_CShuffle::Argument is not allocated, use SetWorkSpacePointer.
Warning: Workspace for DeviceGroupedConvBwdWeightTwoStage_Xdl_CShuffle::Argument is not allocated, use SetWorkSpacePointer.
Warning: Workspace for DeviceGroupedConvBwdWeightTwoStage_Xdl_CShuffle::Argument is not allocated, use SetWorkSpacePointer.
Warning: Workspace for DeviceGroupedConvBwdWeightTwoStage_Xdl_CShuffle::Argument is not allocated, use SetWorkSpacePointer.
Warning: Workspace for DeviceGroupedConvBwdWeightTwoStage_Xdl_CShuffle::Argument is not allocated, use SetWorkSpacePointer.
Warning: Workspace for DeviceGroupedConvBwdWeightTwoStage_Xdl_CShuffle::Argument is not allocated, use SetWorkSpacePointer.
Warning: Workspace for DeviceGroupedConvBwdWeightTwoStage_Xdl_CShuffle::Argument is not allocated, use SetWorkSpacePointer.
Warning: Workspace for DeviceGroupedConvBwdWeightTwoStage_Xdl_CShuffle::Argument is not allocated, use SetWorkSpacePointer.
Warning: Workspace for DeviceGroupedConvBwdWeightTwoStage_Xdl_CShuffle::Argument is not allocated, use SetWorkSpacePointer.
Warning: Workspace for DeviceGroupedConvBwdWeightTwoStage_Xdl_CShuffle::Argument is not allocated, use SetWorkSpacePointer.
Warning: Workspace for DeviceGroupedConvBwdWeightTwoStage_Xdl_CShuffle::Argument is not allocated, use SetWorkSpacePointer.
Warning: Workspace for DeviceGroupedConvBwdWeightTwoStage_Xdl_CShuffle::Argument is not allocated, use SetWorkSpacePointer.
Warning: Workspace for DeviceGroupedConvBwdWeightTwoStage_Xdl_CShuffle::Argument is not allocated, use SetWorkSpacePointer.
Warning: Workspace for DeviceGroupedConvBwdWeightTwoStage_Xdl_CShuffle::Argument is not allocated, use SetWorkSpacePointer.
Warning: Workspace for DeviceGroupedConvBwdWeightTwoStage_Xdl_CShuffle::Argument is not allocated, use SetWorkSpacePointer.
Warning: Workspace for DeviceGroupedConvBwdWeightTwoStage_Xdl_CShuffle::Argument is not allocated, use SetWorkSpacePointer.
Warning: Workspace for DeviceGroupedConvBwdWeightTwoStage_Xdl_CShuffle::Argument is not allocated, use SetWorkSpacePointer.
Warning: Workspace for DeviceGroupedConvBwdWeightTwoStage_Xdl_CShuffle::Argument is not allocated, use SetWorkSpacePointer.
Warning: Workspace for DeviceGroupedConvBwdWeightTwoStage_Xdl_CShuffle::Argument is not allocated, use SetWorkSpacePointer.
Warning: Workspace for DeviceGroupedConvBwdWeightTwoStage_Xdl_CShuffle::Argument is not allocated, use SetWorkSpacePointer.
Warning: Workspace for DeviceGroupedConvBwdWeightTwoStage_Xdl_CShuffle::Argument is not allocated, use SetWorkSpacePointer.
Warning: Workspace for DeviceGroupedConvBwdWeightTwoStage_Xdl_CShuffle::Argument is not allocated, use SetWorkSpacePointer.
Warning: Workspace for DeviceGroupedConvBwdWeightTwoStage_Xdl_CShuffle::Argument is not allocated, use SetWorkSpacePointer.
Warning: Workspace for DeviceGroupedConvBwdWeightTwoStage_Xdl_CShuffle::Argument is not allocated, use SetWorkSpacePointer.
Warning: Workspace for DeviceGroupedConvBwdWeightTwoStage_Xdl_CShuffle::Argument is not allocated, use SetWorkSpacePointer.
Warning: Workspace for DeviceGroupedConvBwdWeightTwoStage_Xdl_CShuffle::Argument is not allocated, use SetWorkSpacePointer.
Warning: Workspace for DeviceGroupedConvBwdWeightTwoStage_Xdl_CShuffle::Argument is not allocated, use SetWorkSpacePointer.
Warning: Workspace for DeviceGroupedConvBwdWeightTwoStage_Xdl_CShuffle::Argument is not allocated, use SetWorkSpacePointer.
Warning: Workspace for DeviceGroupedConvBwdWeightTwoStage_Xdl_CShuffle::Argument is not allocated, use SetWorkSpacePointer.
Warning: Workspace for DeviceGroupedConvBwdWeightTwoStage_Xdl_CShuffle::Argument is not allocated, use SetWorkSpacePointer.
Warning: Workspace for DeviceGroupedConvBwdWeightTwoStage_Xdl_CShuffle::Argument is not allocated, use SetWorkSpacePointer.
Warning: Workspace for DeviceGroupedConvBwdWeightTwoStage_Xdl_CShuffle::Argument is not allocated, use SetWorkSpacePointer.
Warning: Workspace for DeviceGroupedConvBwdWeightTwoStage_Xdl_CShuffle::Argument is not allocated, use SetWorkSpacePointer.
Warning: Workspace for DeviceGroupedConvBwdWeightTwoStage_Xdl_CShuffle::Argument is not allocated, use SetWorkSpacePointer.
Warning: Workspace for DeviceGroupedConvBwdWeightTwoStage_Xdl_CShuffle::Argument is not allocated, use SetWorkSpacePointer.
Warning: Workspace for DeviceGroupedConvBwdWeightTwoStage_Xdl_CShuffle::Argument is not allocated, use SetWorkSpacePointer.
Warning: Workspace for DeviceGroupedConvBwdWeightTwoStage_Xdl_CShuffle::Argument is not allocated, use SetWorkSpacePointer.
Warning: Workspace for DeviceGroupedConvBwdWeightTwoStage_Xdl_CShuffle::Argument is not allocated, use SetWorkSpacePointer.
Warning: Workspace for DeviceGroupedConvBwdWeightTwoStage_Xdl_CShuffle::Argument is not allocated, use SetWorkSpacePointer.
Warning: Workspace for DeviceGroupedConvBwdWeightTwoStage_Xdl_CShuffle::Argument is not allocated, use SetWorkSpacePointer.
Warning: Workspace for DeviceGroupedConvBwdWeightTwoStage_Xdl_CShuffle::Argument is not allocated, use SetWorkSpacePointer.
Warning: Workspace for DeviceGroupedConvBwdWeightTwoStage_Xdl_CShuffle::Argument is not allocated, use SetWorkSpacePointer.
Warning: Workspace for DeviceGroupedConvBwdWeightTwoStage_Xdl_CShuffle::Argument is not allocated, use SetWorkSpacePointer.
Warning: Workspace for DeviceGroupedConvBwdWeightTwoStage_Xdl_CShuffle::Argument is not allocated, use SetWorkSpacePointer.
Warning: Workspace for DeviceGroupedConvBwdWeightTwoStage_Xdl_CShuffle::Argument is not allocated, use SetWorkSpacePointer.
Warning: Workspace for DeviceGroupedConvBwdWeightTwoStage_Xdl_CShuffle::Argument is not allocated, use SetWorkSpacePointer.
Warning: Workspace for DeviceGroupedConvBwdWeightTwoStage_Xdl_CShuffle::Argument is not allocated, use SetWorkSpacePointer.
Warning: Workspace for DeviceGroupedConvBwdWeightTwoStage_Xdl_CShuffle::Argument is not allocated, use SetWorkSpacePointer.
Warning: Workspace for DeviceGroupedConvBwdWeightTwoStage_Xdl_CShuffle::Argument is not allocated, use SetWorkSpacePointer.
Warning: Workspace for DeviceGroupedConvBwdWeightTwoStage_Xdl_CShuffle::Argument is not allocated, use SetWorkSpacePointer.
Warning: Workspace for DeviceGroupedConvBwdWeightTwoStage_Xdl_CShuffle::Argument is not allocated, use SetWorkSpacePointer.
Warning: Workspace for DeviceGroupedConvBwdWeightTwoStage_Xdl_CShuffle::Argument is not allocated, use SetWorkSpacePointer.
Warning: Workspace for DeviceGroupedConvBwdWeightTwoStage_Xdl_CShuffle::Argument is not allocated, use SetWorkSpacePointer.
Warning: Workspace for DeviceGroupedConvBwdWeightTwoStage_Xdl_CShuffle::Argument is not allocated, use SetWorkSpacePointer.
Warning: Workspace for DeviceGroupedConvBwdWeightTwoStage_Xdl_CShuffle::Argument is not allocated, use SetWorkSpacePointer.
Warning: Workspace for DeviceGroupedConvBwdWeightTwoStage_Xdl_CShuffle::Argument is not allocated, use SetWorkSpacePointer.
Warning: Workspace for DeviceGroupedConvBwdWeightTwoStage_Xdl_CShuffle::Argument is not allocated, use SetWorkSpacePointer.
Warning: Workspace for DeviceGroupedConvBwdWeightTwoStage_Xdl_CShuffle::Argument is not allocated, use SetWorkSpacePointer.
Warning: Workspace for DeviceGroupedConvBwdWeightTwoStage_Xdl_CShuffle::Argument is not allocated, use SetWorkSpacePointer.
Warning: Workspace for DeviceGroupedConvBwdWeightTwoStage_Xdl_CShuffle::Argument is not allocated, use SetWorkSpacePointer.
Warning: Workspace for DeviceGroupedConvBwdWeightTwoStage_Xdl_CShuffle::Argument is not allocated, use SetWorkSpacePointer.
Warning: Workspace for DeviceGroupedConvBwdWeightTwoStage_Xdl_CShuffle::Argument is not allocated, use SetWorkSpacePointer.
Warning: Workspace for DeviceGroupedConvBwdWeightTwoStage_Xdl_CShuffle::Argument is not allocated, use SetWorkSpacePointer.
Warning: Workspace for DeviceGroupedConvBwdWeightTwoStage_Xdl_CShuffle::Argument is not allocated, use SetWorkSpacePointer.
Warning: Workspace for DeviceGroupedConvBwdWeightTwoStage_Xdl_CShuffle::Argument is not allocated, use SetWorkSpacePointer.
Warning: Workspace for DeviceGroupedConvBwdWeightTwoStage_Xdl_CShuffle::Argument is not allocated, use SetWorkSpacePointer.
Warning: Workspace for DeviceGroupedConvBwdWeightTwoStage_Xdl_CShuffle::Argument is not allocated, use SetWorkSpacePointer.
Warning: Workspace for DeviceGroupedConvBwdWeightTwoStage_Xdl_CShuffle::Argument is not allocated, use SetWorkSpacePointer.
Warning: Workspace for DeviceGroupedConvBwdWeightTwoStage_Xdl_CShuffle::Argument is not allocated, use SetWorkSpacePointer.
Warning: Workspace for DeviceGroupedConvBwdWeightTwoStage_Xdl_CShuffle::Argument is not allocated, use SetWorkSpacePointer.
Warning: Workspace for DeviceGroupedConvBwdWeightTwoStage_Xdl_CShuffle::Argument is not allocated, use SetWorkSpacePointer.
Warning: Workspace for DeviceGroupedConvBwdWeightTwoStage_Xdl_CShuffle::Argument is not allocated, use SetWorkSpacePointer.
Warning: Workspace for DeviceGroupedConvBwdWeightTwoStage_Xdl_CShuffle::Argument is not allocated, use SetWorkSpacePointer.
Warning: Workspace for DeviceGroupedConvBwdWeightTwoStage_Xdl_CShuffle::Argument is not allocated, use SetWorkSpacePointer.
Warning: Workspace for DeviceGroupedConvBwdWeightTwoStage_Xdl_CShuffle::Argument is not allocated, use SetWorkSpacePointer.
Warning: Workspace for DeviceGroupedConvBwdWeightTwoStage_Xdl_CShuffle::Argument is not allocated, use SetWorkSpacePointer.
Warning: Workspace for DeviceGroupedConvBwdWeightTwoStage_Xdl_CShuffle::Argument is not allocated, use SetWorkSpacePointer.
Warning: Workspace for DeviceGroupedConvBwdWeightTwoStage_Xdl_CShuffle::Argument is not allocated, use SetWorkSpacePointer.
Warning: Workspace for DeviceGroupedConvBwdWeightTwoStage_Xdl_CShuffle::Argument is not allocated, use SetWorkSpacePointer.
Warning: Workspace for DeviceGroupedConvBwdWeightTwoStage_Xdl_CShuffle::Argument is not allocated, use SetWorkSpacePointer.
Warning: Workspace for DeviceGroupedConvBwdWeightTwoStage_Xdl_CShuffle::Argument is not allocated, use SetWorkSpacePointer.
Warning: Workspace for DeviceGroupedConvBwdWeightTwoStage_Xdl_CShuffle::Argument is not allocated, use SetWorkSpacePointer.
Warning: Workspace for DeviceGroupedConvBwdWeightTwoStage_Xdl_CShuffle::Argument is not allocated, use SetWorkSpacePointer.
Warning: Workspace for DeviceGroupedConvBwdWeightTwoStage_Xdl_CShuffle::Argument is not allocated, use SetWorkSpacePointer.
Warning: Workspace for DeviceGroupedConvBwdWeightTwoStage_Xdl_CShuffle::Argument is not allocated, use SetWorkSpacePointer.
Warning: Workspace for DeviceGroupedConvBwdWeightTwoStage_Xdl_CShuffle::Argument is not allocated, use SetWorkSpacePointer.
Warning: Workspace for DeviceGroupedConvBwdWeightTwoStage_Xdl_CShuffle::Argument is not allocated, use SetWorkSpacePointer.
Warning: Workspace for DeviceGroupedConvBwdWeightTwoStage_Xdl_CShuffle::Argument is not allocated, use SetWorkSpacePointer.
Warning: Workspace for DeviceGroupedConvBwdWeightTwoStage_Xdl_CShuffle::Argument is not allocated, use SetWorkSpacePointer.
Warning: Workspace for DeviceGroupedConvBwdWeightTwoStage_Xdl_CShuffle::Argument is not allocated, use SetWorkSpacePointer.
Warning: Workspace for DeviceGroupedConvBwdWeightTwoStage_Xdl_CShuffle::Argument is not allocated, use SetWorkSpacePointer.
Warning: Workspace for DeviceGroupedConvBwdWeightTwoStage_Xdl_CShuffle::Argument is not allocated, use SetWorkSpacePointer.
Warning: Workspace for DeviceGroupedConvBwdWeightTwoStage_Xdl_CShuffle::Argument is not allocated, use SetWorkSpacePointer.
Warning: Workspace for DeviceGroupedConvBwdWeightTwoStage_Xdl_CShuffle::Argument is not allocated, use SetWorkSpacePointer.
Warning: Workspace for DeviceGroupedConvBwdWeightTwoStage_Xdl_CShuffle::Argument is not allocated, use SetWorkSpacePointer.
Warning: Workspace for DeviceGroupedConvBwdWeightTwoStage_Xdl_CShuffle::Argument is not allocated, use SetWorkSpacePointer.
Warning: Workspace for DeviceGroupedConvBwdWeightTwoStage_Xdl_CShuffle::Argument is not allocated, use SetWorkSpacePointer.
Warning: Workspace for DeviceGroupedConvBwdWeightTwoStage_Xdl_CShuffle::Argument is not allocated, use SetWorkSpacePointer.
Warning: Workspace for DeviceGroupedConvBwdWeightTwoStage_Xdl_CShuffle::Argument is not allocated, use SetWorkSpacePointer.
Warning: Workspace for DeviceGroupedConvBwdWeightTwoStage_Xdl_CShuffle::Argument is not allocated, use SetWorkSpacePointer.
Warning: Workspace for DeviceGroupedConvBwdWeightTwoStage_Xdl_CShuffle::Argument is not allocated, use SetWorkSpacePointer.
Warning: Workspace for DeviceGroupedConvBwdWeightTwoStage_Xdl_CShuffle::Argument is not allocated, use SetWorkSpacePointer.
Warning: Workspace for DeviceGroupedConvBwdWeightTwoStage_Xdl_CShuffle::Argument is not allocated, use SetWorkSpacePointer.
Warning: Workspace for DeviceGroupedConvBwdWeightTwoStage_Xdl_CShuffle::Argument is not allocated, use SetWorkSpacePointer.
Warning: Workspace for DeviceGroupedConvBwdWeightTwoStage_Xdl_CShuffle::Argument is not allocated, use SetWorkSpacePointer.
Warning: Workspace for DeviceGroupedConvBwdWeightTwoStage_Xdl_CShuffle::Argument is not allocated, use SetWorkSpacePointer.
Warning: Workspace for DeviceGroupedConvBwdWeightTwoStage_Xdl_CShuffle::Argument is not allocated, use SetWorkSpacePointer.
Warning: Workspace for DeviceGroupedConvBwdWeightTwoStage_Xdl_CShuffle::Argument is not allocated, use SetWorkSpacePointer.
Warning: Workspace for DeviceGroupedConvBwdWeightTwoStage_Xdl_CShuffle::Argument is not allocated, use SetWorkSpacePointer.
Warning: Workspace for DeviceGroupedConvBwdWeightTwoStage_Xdl_CShuffle::Argument is not allocated, use SetWorkSpacePointer.
Warning: Workspace for DeviceGroupedConvBwdWeightTwoStage_Xdl_CShuffle::Argument is not allocated, use SetWorkSpacePointer.
Warning: Workspace for DeviceGroupedConvBwdWeightTwoStage_Xdl_CShuffle::Argument is not allocated, use SetWorkSpacePointer.
Warning: Workspace for DeviceGroupedConvBwdWeightTwoStage_Xdl_CShuffle::Argument is not allocated, use SetWorkSpacePointer.
Warning: Workspace for DeviceGroupedConvBwdWeightTwoStage_Xdl_CShuffle::Argument is not allocated, use SetWorkSpacePointer.
Warning: Workspace for DeviceGroupedConvBwdWeightTwoStage_Xdl_CShuffle::Argument is not allocated, use SetWorkSpacePointer.
Warning: Workspace for DeviceGroupedConvBwdWeightTwoStage_Xdl_CShuffle::Argument is not allocated, use SetWorkSpacePointer.
Warning: Workspace for DeviceGroupedConvBwdWeightTwoStage_Xdl_CShuffle::Argument is not allocated, use SetWorkSpacePointer.
Warning: Workspace for DeviceGroupedConvBwdWeightTwoStage_Xdl_CShuffle::Argument is not allocated, use SetWorkSpacePointer.
Warning: Workspace for DeviceGroupedConvBwdWeightTwoStage_Xdl_CShuffle::Argument is not allocated, use SetWorkSpacePointer.
Warning: Workspace for DeviceGroupedConvBwdWeightTwoStage_Xdl_CShuffle::Argument is not allocated, use SetWorkSpacePointer.
Warning: Workspace for DeviceGroupedConvBwdWeightTwoStage_Xdl_CShuffle::Argument is not allocated, use SetWorkSpacePointer.
Warning: Workspace for DeviceGroupedConvBwdWeightTwoStage_Xdl_CShuffle::Argument is not allocated, use SetWorkSpacePointer.
Warning: Workspace for DeviceGroupedConvBwdWeightTwoStage_Xdl_CShuffle::Argument is not allocated, use SetWorkSpacePointer.
Warning: Workspace for DeviceGroupedConvBwdWeightTwoStage_Xdl_CShuffle::Argument is not allocated, use SetWorkSpacePointer.
Warning: Workspace for DeviceGroupedConvBwdWeightTwoStage_Xdl_CShuffle::Argument is not allocated, use SetWorkSpacePointer.
Warning: Workspace for DeviceGroupedConvBwdWeightTwoStage_Xdl_CShuffle::Argument is not allocated, use SetWorkSpacePointer.
Warning: Workspace for DeviceGroupedConvBwdWeightTwoStage_Xdl_CShuffle::Argument is not allocated, use SetWorkSpacePointer.
Warning: Workspace for DeviceGroupedConvBwdWeightTwoStage_Xdl_CShuffle::Argument is not allocated, use SetWorkSpacePointer.
Warning: Workspace for DeviceGroupedConvBwdWeightTwoStage_Xdl_CShuffle::Argument is not allocated, use SetWorkSpacePointer.
Warning: Workspace for DeviceGroupedConvBwdWeightTwoStage_Xdl_CShuffle::Argument is not allocated, use SetWorkSpacePointer.
Warning: Workspace for DeviceGroupedConvBwdWeightTwoStage_Xdl_CShuffle::Argument is not allocated, use SetWorkSpacePointer.
Warning: Workspace for DeviceGroupedConvBwdWeightTwoStage_Xdl_CShuffle::Argument is not allocated, use SetWorkSpacePointer.
Warning: Workspace for DeviceGroupedConvBwdWeightTwoStage_Xdl_CShuffle::Argument is not allocated, use SetWorkSpacePointer.
Warning: Workspace for DeviceGroupedConvBwdWeightTwoStage_Xdl_CShuffle::Argument is not allocated, use SetWorkSpacePointer.
Warning: Workspace for DeviceGroupedConvBwdWeightTwoStage_Xdl_CShuffle::Argument is not allocated, use SetWorkSpacePointer.
Warning: Workspace for DeviceGroupedConvBwdWeightTwoStage_Xdl_CShuffle::Argument is not allocated, use SetWorkSpacePointer.
Warning: Workspace for DeviceGroupedConvBwdWeightTwoStage_Xdl_CShuffle::Argument is not allocated, use SetWorkSpacePointer.
Warning: Workspace for DeviceGroupedConvBwdWeightTwoStage_Xdl_CShuffle::Argument is not allocated, use SetWorkSpacePointer.
Warning: Workspace for DeviceGroupedConvBwdWeightTwoStage_Xdl_CShuffle::Argument is not allocated, use SetWorkSpacePointer.
Warning: Workspace for DeviceGroupedConvBwdWeightTwoStage_Xdl_CShuffle::Argument is not allocated, use SetWorkSpacePointer.
Warning: Workspace for DeviceGroupedConvBwdWeightTwoStage_Xdl_CShuffle::Argument is not allocated, use SetWorkSpacePointer.
Warning: Workspace for DeviceGroupedConvBwdWeightTwoStage_Xdl_CShuffle::Argument is not allocated, use SetWorkSpacePointer.
Warning: Workspace for DeviceGroupedConvBwdWeightTwoStage_Xdl_CShuffle::Argument is not allocated, use SetWorkSpacePointer.
Warning: Workspace for DeviceGroupedConvBwdWeightTwoStage_Xdl_CShuffle::Argument is not allocated, use SetWorkSpacePointer.
Warning: Workspace for DeviceGroupedConvBwdWeightTwoStage_Xdl_CShuffle::Argument is not allocated, use SetWorkSpacePointer.
Warning: Workspace for DeviceGroupedConvBwdWeightTwoStage_Xdl_CShuffle::Argument is not allocated, use SetWorkSpacePointer.
Warning: Workspace for DeviceGroupedConvBwdWeightTwoStage_Xdl_CShuffle::Argument is not allocated, use SetWorkSpacePointer.
Warning: Workspace for DeviceGroupedConvBwdWeightTwoStage_Xdl_CShuffle::Argument is not allocated, use SetWorkSpacePointer.
Warning: Workspace for DeviceGroupedConvBwdWeightTwoStage_Xdl_CShuffle::Argument is not allocated, use SetWorkSpacePointer.
Warning: Workspace for DeviceGroupedConvBwdWeightTwoStage_Xdl_CShuffle::Argument is not allocated, use SetWorkSpacePointer.
Warning: Workspace for DeviceGroupedConvBwdWeightTwoStage_Xdl_CShuffle::Argument is not allocated, use SetWorkSpacePointer.
Warning: Workspace for DeviceGroupedConvBwdWeightTwoStage_Xdl_CShuffle::Argument is not allocated, use SetWorkSpacePointer.
Warning: Workspace for DeviceGroupedConvBwdWeightTwoStage_Xdl_CShuffle::Argument is not allocated, use SetWorkSpacePointer.
Warning: Workspace for DeviceGroupedConvBwdWeightTwoStage_Xdl_CShuffle::Argument is not allocated, use SetWorkSpacePointer.
Warning: Workspace for DeviceGroupedConvBwdWeightTwoStage_Xdl_CShuffle::Argument is not allocated, use SetWorkSpacePointer.
Warning: Workspace for DeviceGroupedConvBwdWeightTwoStage_Xdl_CShuffle::Argument is not allocated, use SetWorkSpacePointer.
Warning: Workspace for DeviceGroupedConvBwdWeightTwoStage_Xdl_CShuffle::Argument is not allocated, use SetWorkSpacePointer.
Warning: Workspace for DeviceGroupedConvBwdWeightTwoStage_Xdl_CShuffle::Argument is not allocated, use SetWorkSpacePointer.
Warning: Workspace for DeviceGroupedConvBwdWeightTwoStage_Xdl_CShuffle::Argument is not allocated, use SetWorkSpacePointer.
Warning: Workspace for DeviceGroupedConvBwdWeightTwoStage_Xdl_CShuffle::Argument is not allocated, use SetWorkSpacePointer.
Warning: Workspace for DeviceGroupedConvBwdWeightTwoStage_Xdl_CShuffle::Argument is not allocated, use SetWorkSpacePointer.
Warning: Workspace for DeviceGroupedConvBwdWeightTwoStage_Xdl_CShuffle::Argument is not allocated, use SetWorkSpacePointer.
Warning: Workspace for DeviceGroupedConvBwdWeightTwoStage_Xdl_CShuffle::Argument is not allocated, use SetWorkSpacePointer.
Warning: Workspace for DeviceGroupedConvBwdWeightTwoStage_Xdl_CShuffle::Argument is not allocated, use SetWorkSpacePointer.
Warning: Workspace for DeviceGroupedConvBwdWeightTwoStage_Xdl_CShuffle::Argument is not allocated, use SetWorkSpacePointer.
Warning: Workspace for DeviceGroupedConvBwdWeightTwoStage_Xdl_CShuffle::Argument is not allocated, use SetWorkSpacePointer.
Warning: Workspace for DeviceGroupedConvBwdWeightTwoStage_Xdl_CShuffle::Argument is not allocated, use SetWorkSpacePointer.
Warning: Workspace for DeviceGroupedConvBwdWeightTwoStage_Xdl_CShuffle::Argument is not allocated, use SetWorkSpacePointer.
Warning: Workspace for DeviceGroupedConvBwdWeightTwoStage_Xdl_CShuffle::Argument is not allocated, use SetWorkSpacePointer.
Warning: Workspace for DeviceGroupedConvBwdWeightTwoStage_Xdl_CShuffle::Argument is not allocated, use SetWorkSpacePointer.
Warning: Workspace for DeviceGroupedConvBwdWeightTwoStage_Xdl_CShuffle::Argument is not allocated, use SetWorkSpacePointer.
Warning: Workspace for DeviceGroupedConvBwdWeightTwoStage_Xdl_CShuffle::Argument is not allocated, use SetWorkSpacePointer.
Warning: Workspace for DeviceGroupedConvBwdWeightTwoStage_Xdl_CShuffle::Argument is not allocated, use SetWorkSpacePointer.
Warning: Workspace for DeviceGroupedConvBwdWeightTwoStage_Xdl_CShuffle::Argument is not allocated, use SetWorkSpacePointer.
Warning: Workspace for DeviceGroupedConvBwdWeightTwoStage_Xdl_CShuffle::Argument is not allocated, use SetWorkSpacePointer.
Warning: Workspace for DeviceGroupedConvBwdWeightTwoStage_Xdl_CShuffle::Argument is not allocated, use SetWorkSpacePointer.
Warning: Workspace for DeviceGroupedConvBwdWeightTwoStage_Xdl_CShuffle::Argument is not allocated, use SetWorkSpacePointer.
Warning: Workspace for DeviceGroupedConvBwdWeightTwoStage_Xdl_CShuffle::Argument is not allocated, use SetWorkSpacePointer.
Warning: Workspace for DeviceGroupedConvBwdWeightTwoStage_Xdl_CShuffle::Argument is not allocated, use SetWorkSpacePointer.
Warning: Workspace for DeviceGroupedConvBwdWeightTwoStage_Xdl_CShuffle::Argument is not allocated, use SetWorkSpacePointer.
Warning: Workspace for DeviceGroupedConvBwdWeightTwoStage_Xdl_CShuffle::Argument is not allocated, use SetWorkSpacePointer.
Warning: Workspace for DeviceGroupedConvBwdWeightTwoStage_Xdl_CShuffle::Argument is not allocated, use SetWorkSpacePointer.
Warning: Workspace for DeviceGroupedConvBwdWeightTwoStage_Xdl_CShuffle::Argument is not allocated, use SetWorkSpacePointer.
Warning: Workspace for DeviceGroupedConvBwdWeightTwoStage_Xdl_CShuffle::Argument is not allocated, use SetWorkSpacePointer.
Warning: Workspace for DeviceGroupedConvBwdWeightTwoStage_Xdl_CShuffle::Argument is not allocated, use SetWorkSpacePointer.
Warning: Workspace for DeviceGroupedConvBwdWeightTwoStage_Xdl_CShuffle::Argument is not allocated, use SetWorkSpacePointer.
Warning: Workspace for DeviceGroupedConvBwdWeightTwoStage_Xdl_CShuffle::Argument is not allocated, use SetWorkSpacePointer.
Warning: Workspace for DeviceGroupedConvBwdWeightTwoStage_Xdl_CShuffle::Argument is not allocated, use SetWorkSpacePointer.
Warning: Workspace for DeviceGroupedConvBwdWeightTwoStage_Xdl_CShuffle::Argument is not allocated, use SetWorkSpacePointer.
Warning: Workspace for DeviceGroupedConvBwdWeightTwoStage_Xdl_CShuffle::Argument is not allocated, use SetWorkSpacePointer.
Warning: Workspace for DeviceGroupedConvBwdWeightTwoStage_Xdl_CShuffle::Argument is not allocated, use SetWorkSpacePointer.
Warning: Workspace for DeviceGroupedConvBwdWeightTwoStage_Xdl_CShuffle::Argument is not allocated, use SetWorkSpacePointer.
Warning: Workspace for DeviceGroupedConvBwdWeightTwoStage_Xdl_CShuffle::Argument is not allocated, use SetWorkSpacePointer.
Warning: Workspace for DeviceGroupedConvBwdWeightTwoStage_Xdl_CShuffle::Argument is not allocated, use SetWorkSpacePointer.
Warning: Workspace for DeviceGroupedConvBwdWeightTwoStage_Xdl_CShuffle::Argument is not allocated, use SetWorkSpacePointer.
Warning: Workspace for DeviceGroupedConvBwdWeightTwoStage_Xdl_CShuffle::Argument is not allocated, use SetWorkSpacePointer.
Warning: Workspace for DeviceGroupedConvBwdWeightTwoStage_Xdl_CShuffle::Argument is not allocated, use SetWorkSpacePointer.
Warning: Workspace for DeviceGroupedConvBwdWeightTwoStage_Xdl_CShuffle::Argument is not allocated, use SetWorkSpacePointer.
Warning: Workspace for DeviceGroupedConvBwdWeightTwoStage_Xdl_CShuffle::Argument is not allocated, use SetWorkSpacePointer.
Warning: Workspace for DeviceGroupedConvBwdWeightTwoStage_Xdl_CShuffle::Argument is not allocated, use SetWorkSpacePointer.
Warning: Workspace for DeviceGroupedConvBwdWeightTwoStage_Xdl_CShuffle::Argument is not allocated, use SetWorkSpacePointer.
Warning: Workspace for DeviceGroupedConvBwdWeightTwoStage_Xdl_CShuffle::Argument is not allocated, use SetWorkSpacePointer.
Warning: Workspace for DeviceGroupedConvBwdWeightTwoStage_Xdl_CShuffle::Argument is not allocated, use SetWorkSpacePointer.
Warning: Workspace for DeviceGroupedConvBwdWeightTwoStage_Xdl_CShuffle::Argument is not allocated, use SetWorkSpacePointer.
Warning: Workspace for DeviceGroupedConvBwdWeightTwoStage_Xdl_CShuffle::Argument is not allocated, use SetWorkSpacePointer.
Warning: Workspace for DeviceGroupedConvBwdWeightTwoStage_Xdl_CShuffle::Argument is not allocated, use SetWorkSpacePointer.
Warning: Workspace for DeviceGroupedConvBwdWeightTwoStage_Xdl_CShuffle::Argument is not allocated, use SetWorkSpacePointer.
Warning: Workspace for DeviceGroupedConvBwdWeightTwoStage_Xdl_CShuffle::Argument is not allocated, use SetWorkSpacePointer.
Warning: Workspace for DeviceGroupedConvBwdWeightTwoStage_Xdl_CShuffle::Argument is not allocated, use SetWorkSpacePointer.
Warning: Workspace for DeviceGroupedConvBwdWeightTwoStage_Xdl_CShuffle::Argument is not allocated, use SetWorkSpacePointer.
Warning: Workspace for DeviceGroupedConvBwdWeightTwoStage_Xdl_CShuffle::Argument is not allocated, use SetWorkSpacePointer.
Warning: Workspace for DeviceGroupedConvBwdWeightTwoStage_Xdl_CShuffle::Argument is not allocated, use SetWorkSpacePointer.
Warning: Workspace for DeviceGroupedConvBwdWeightTwoStage_Xdl_CShuffle::Argument is not allocated, use SetWorkSpacePointer.
Warning: Workspace for DeviceGroupedConvBwdWeightTwoStage_Xdl_CShuffle::Argument is not allocated, use SetWorkSpacePointer.
Warning: Workspace for DeviceGroupedConvBwdWeightTwoStage_Xdl_CShuffle::Argument is not allocated, use SetWorkSpacePointer.
Warning: Workspace for DeviceGroupedConvBwdWeightTwoStage_Xdl_CShuffle::Argument is not allocated, use SetWorkSpacePointer.
Warning: Workspace for DeviceGroupedConvBwdWeightTwoStage_Xdl_CShuffle::Argument is not allocated, use SetWorkSpacePointer.
Warning: Workspace for DeviceGroupedConvBwdWeightTwoStage_Xdl_CShuffle::Argument is not allocated, use SetWorkSpacePointer.
Warning: Workspace for DeviceGroupedConvBwdWeightTwoStage_Xdl_CShuffle::Argument is not allocated, use SetWorkSpacePointer.
Warning: Workspace for DeviceGroupedConvBwdWeightTwoStage_Xdl_CShuffle::Argument is not allocated, use SetWorkSpacePointer.
Warning: Workspace for DeviceGroupedConvBwdWeightTwoStage_Xdl_CShuffle::Argument is not allocated, use SetWorkSpacePointer.
Warning: Workspace for DeviceGroupedConvBwdWeightTwoStage_Xdl_CShuffle::Argument is not allocated, use SetWorkSpacePointer.
Warning: Workspace for DeviceGroupedConvBwdWeightTwoStage_Xdl_CShuffle::Argument is not allocated, use SetWorkSpacePointer.
Warning: Workspace for DeviceGroupedConvBwdWeightTwoStage_Xdl_CShuffle::Argument is not allocated, use SetWorkSpacePointer.
Warning: Workspace for DeviceGroupedConvBwdWeightTwoStage_Xdl_CShuffle::Argument is not allocated, use SetWorkSpacePointer.
Warning: Workspace for DeviceGroupedConvBwdWeightTwoStage_Xdl_CShuffle::Argument is not allocated, use SetWorkSpacePointer.
Warning: Workspace for DeviceGroupedConvBwdWeightTwoStage_Xdl_CShuffle::Argument is not allocated, use SetWorkSpacePointer.
Warning: Workspace for DeviceGroupedConvBwdWeightTwoStage_Xdl_CShuffle::Argument is not allocated, use SetWorkSpacePointer.
Warning: Workspace for DeviceGroupedConvBwdWeightTwoStage_Xdl_CShuffle::Argument is not allocated, use SetWorkSpacePointer.
Warning: Workspace for DeviceGroupedConvBwdWeightTwoStage_Xdl_CShuffle::Argument is not allocated, use SetWorkSpacePointer.
Warning: Workspace for DeviceGroupedConvBwdWeightTwoStage_Xdl_CShuffle::Argument is not allocated, use SetWorkSpacePointer.
Warning: Workspace for DeviceGroupedConvBwdWeightTwoStage_Xdl_CShuffle::Argument is not allocated, use SetWorkSpacePointer.
Warning: Workspace for DeviceGroupedConvBwdWeightTwoStage_Xdl_CShuffle::Argument is not allocated, use SetWorkSpacePointer.
Warning: Workspace for DeviceGroupedConvBwdWeightTwoStage_Xdl_CShuffle::Argument is not allocated, use SetWorkSpacePointer.
Warning: Workspace for DeviceGroupedConvBwdWeightTwoStage_Xdl_CShuffle::Argument is not allocated, use SetWorkSpacePointer.
Warning: Workspace for DeviceGroupedConvBwdWeightTwoStage_Xdl_CShuffle::Argument is not allocated, use SetWorkSpacePointer.
Warning: Workspace for DeviceGroupedConvBwdWeightTwoStage_Xdl_CShuffle::Argument is not allocated, use SetWorkSpacePointer.
Warning: Workspace for DeviceGroupedConvBwdWeightTwoStage_Xdl_CShuffle::Argument is not allocated, use SetWorkSpacePointer.
Warning: Workspace for DeviceGroupedConvBwdWeightTwoStage_Xdl_CShuffle::Argument is not allocated, use SetWorkSpacePointer.
Warning: Workspace for DeviceGroupedConvBwdWeightTwoStage_Xdl_CShuffle::Argument is not allocated, use SetWorkSpacePointer.
Warning: Workspace for DeviceGroupedConvBwdWeightTwoStage_Xdl_CShuffle::Argument is not allocated, use SetWorkSpacePointer.
Warning: Workspace for DeviceGroupedConvBwdWeightTwoStage_Xdl_CShuffle::Argument is not allocated, use SetWorkSpacePointer.
Warning: Workspace for DeviceGroupedConvBwdWeightTwoStage_Xdl_CShuffle::Argument is not allocated, use SetWorkSpacePointer.
Warning: Workspace for DeviceGroupedConvBwdWeightTwoStage_Xdl_CShuffle::Argument is not allocated, use SetWorkSpacePointer.
Warning: Workspace for DeviceGroupedConvBwdWeightTwoStage_Xdl_CShuffle::Argument is not allocated, use SetWorkSpacePointer.
Warning: Workspace for DeviceGroupedConvBwdWeightTwoStage_Xdl_CShuffle::Argument is not allocated, use SetWorkSpacePointer.
Warning: Workspace for DeviceGroupedConvBwdWeightTwoStage_Xdl_CShuffle::Argument is not allocated, use SetWorkSpacePointer.
Warning: Workspace for DeviceGroupedConvBwdWeightTwoStage_Xdl_CShuffle::Argument is not allocated, use SetWorkSpacePointer.
Warning: Workspace for DeviceGroupedConvBwdWeightTwoStage_Xdl_CShuffle::Argument is not allocated, use SetWorkSpacePointer.
Warning: Workspace for DeviceGroupedConvBwdWeightTwoStage_Xdl_CShuffle::Argument is not allocated, use SetWorkSpacePointer.
Warning: Workspace for DeviceGroupedConvBwdWeightTwoStage_Xdl_CShuffle::Argument is not allocated, use SetWorkSpacePointer.
Warning: Workspace for DeviceGroupedConvBwdWeightTwoStage_Xdl_CShuffle::Argument is not allocated, use SetWorkSpacePointer.
Warning: Workspace for DeviceGroupedConvBwdWeightTwoStage_Xdl_CShuffle::Argument is not allocated, use SetWorkSpacePointer.
Warning: Workspace for DeviceGroupedConvBwdWeightTwoStage_Xdl_CShuffle::Argument is not allocated, use SetWorkSpacePointer.
Warning: Workspace for DeviceGroupedConvBwdWeightTwoStage_Xdl_CShuffle::Argument is not allocated, use SetWorkSpacePointer.
Warning: Workspace for DeviceGroupedConvBwdWeightTwoStage_Xdl_CShuffle::Argument is not allocated, use SetWorkSpacePointer.
Warning: Workspace for DeviceGroupedConvBwdWeightTwoStage_Xdl_CShuffle::Argument is not allocated, use SetWorkSpacePointer.
Warning: Workspace for DeviceGroupedConvBwdWeightTwoStage_Xdl_CShuffle::Argument is not allocated, use SetWorkSpacePointer.
Warning: Workspace for DeviceGroupedConvBwdWeightTwoStage_Xdl_CShuffle::Argument is not allocated, use SetWorkSpacePointer.
Warning: Workspace for DeviceGroupedConvBwdWeightTwoStage_Xdl_CShuffle::Argument is not allocated, use SetWorkSpacePointer.
Warning: Workspace for DeviceGroupedConvBwdWeightTwoStage_Xdl_CShuffle::Argument is not allocated, use SetWorkSpacePointer.
Warning: Workspace for DeviceGroupedConvBwdWeightTwoStage_Xdl_CShuffle::Argument is not allocated, use SetWorkSpacePointer.
Warning: Workspace for DeviceGroupedConvBwdWeightTwoStage_Xdl_CShuffle::Argument is not allocated, use SetWorkSpacePointer.
Warning: Workspace for DeviceGroupedConvBwdWeightTwoStage_Xdl_CShuffle::Argument is not allocated, use SetWorkSpacePointer.
Warning: Workspace for DeviceGroupedConvBwdWeightTwoStage_Xdl_CShuffle::Argument is not allocated, use SetWorkSpacePointer.
Warning: Workspace for DeviceGroupedConvBwdWeightTwoStage_Xdl_CShuffle::Argument is not allocated, use SetWorkSpacePointer.
Warning: Workspace for DeviceGroupedConvBwdWeightTwoStage_Xdl_CShuffle::Argument is not allocated, use SetWorkSpacePointer.
Warning: Workspace for DeviceGroupedConvBwdWeightTwoStage_Xdl_CShuffle::Argument is not allocated, use SetWorkSpacePointer.
Warning: Workspace for DeviceGroupedConvBwdWeightTwoStage_Xdl_CShuffle::Argument is not allocated, use SetWorkSpacePointer.
Warning: Workspace for DeviceGroupedConvBwdWeightTwoStage_Xdl_CShuffle::Argument is not allocated, use SetWorkSpacePointer.
Warning: Workspace for DeviceGroupedConvBwdWeightTwoStage_Xdl_CShuffle::Argument is not allocated, use SetWorkSpacePointer.
Warning: Workspace for DeviceGroupedConvBwdWeightTwoStage_Xdl_CShuffle::Argument is not allocated, use SetWorkSpacePointer.
Warning: Workspace for DeviceGroupedConvBwdWeightTwoStage_Xdl_CShuffle::Argument is not allocated, use SetWorkSpacePointer.
Warning: Workspace for DeviceGroupedConvBwdWeightTwoStage_Xdl_CShuffle::Argument is not allocated, use SetWorkSpacePointer.
Warning: Workspace for DeviceGroupedConvBwdWeightTwoStage_Xdl_CShuffle::Argument is not allocated, use SetWorkSpacePointer.
Warning: Workspace for DeviceGroupedConvBwdWeightTwoStage_Xdl_CShuffle::Argument is not allocated, use SetWorkSpacePointer.
Warning: Workspace for DeviceGroupedConvBwdWeightTwoStage_Xdl_CShuffle::Argument is not allocated, use SetWorkSpacePointer.
Warning: Workspace for DeviceGroupedConvBwdWeightTwoStage_Xdl_CShuffle::Argument is not allocated, use SetWorkSpacePointer.
Warning: Workspace for DeviceGroupedConvBwdWeightTwoStage_Xdl_CShuffle::Argument is not allocated, use SetWorkSpacePointer.
Warning: Workspace for DeviceGroupedConvBwdWeightTwoStage_Xdl_CShuffle::Argument is not allocated, use SetWorkSpacePointer.
Warning: Workspace for DeviceGroupedConvBwdWeightTwoStage_Xdl_CShuffle::Argument is not allocated, use SetWorkSpacePointer.
Warning: Workspace for DeviceGroupedConvBwdWeightTwoStage_Xdl_CShuffle::Argument is not allocated, use SetWorkSpacePointer.
Warning: Workspace for DeviceGroupedConvBwdWeightTwoStage_Xdl_CShuffle::Argument is not allocated, use SetWorkSpacePointer.
Warning: Workspace for DeviceGroupedConvBwdWeightTwoStage_Xdl_CShuffle::Argument is not allocated, use SetWorkSpacePointer.
Warning: Workspace for DeviceGroupedConvBwdWeightTwoStage_Xdl_CShuffle::Argument is not allocated, use SetWorkSpacePointer.
Warning: Workspace for DeviceGroupedConvBwdWeightTwoStage_Xdl_CShuffle::Argument is not allocated, use SetWorkSpacePointer.
Warning: Workspace for DeviceGroupedConvBwdWeightTwoStage_Xdl_CShuffle::Argument is not allocated, use SetWorkSpacePointer.
Warning: Workspace for DeviceGroupedConvBwdWeightTwoStage_Xdl_CShuffle::Argument is not allocated, use SetWorkSpacePointer.
Warning: Workspace for DeviceGroupedConvBwdWeightTwoStage_Xdl_CShuffle::Argument is not allocated, use SetWorkSpacePointer.
Warning: Workspace for DeviceGroupedConvBwdWeightTwoStage_Xdl_CShuffle::Argument is not allocated, use SetWorkSpacePointer.
Warning: Workspace for DeviceGroupedConvBwdWeightTwoStage_Xdl_CShuffle::Argument is not allocated, use SetWorkSpacePointer.
Warning: Workspace for DeviceGroupedConvBwdWeightTwoStage_Xdl_CShuffle::Argument is not allocated, use SetWorkSpacePointer.
Warning: Workspace for DeviceGroupedConvBwdWeightTwoStage_Xdl_CShuffle::Argument is not allocated, use SetWorkSpacePointer.
Warning: Workspace for DeviceGroupedConvBwdWeightTwoStage_Xdl_CShuffle::Argument is not allocated, use SetWorkSpacePointer.
Warning: Workspace for DeviceGroupedConvBwdWeightTwoStage_Xdl_CShuffle::Argument is not allocated, use SetWorkSpacePointer.
Warning: Workspace for DeviceGroupedConvBwdWeightTwoStage_Xdl_CShuffle::Argument is not allocated, use SetWorkSpacePointer.
Warning: Workspace for DeviceGroupedConvBwdWeightTwoStage_Xdl_CShuffle::Argument is not allocated, use SetWorkSpacePointer.
Warning: Workspace for DeviceGroupedConvBwdWeightTwoStage_Xdl_CShuffle::Argument is not allocated, use SetWorkSpacePointer.
Warning: Workspace for DeviceGroupedConvBwdWeightTwoStage_Xdl_CShuffle::Argument is not allocated, use SetWorkSpacePointer.
Warning: Workspace for DeviceGroupedConvBwdWeightTwoStage_Xdl_CShuffle::Argument is not allocated, use SetWorkSpacePointer.
Warning: Workspace for DeviceGroupedConvBwdWeightTwoStage_Xdl_CShuffle::Argument is not allocated, use SetWorkSpacePointer.
Warning: Workspace for DeviceGroupedConvBwdWeightTwoStage_Xdl_CShuffle::Argument is not allocated, use SetWorkSpacePointer.
Warning: Workspace for DeviceGroupedConvBwdWeightTwoStage_Xdl_CShuffle::Argument is not allocated, use SetWorkSpacePointer.
Warning: Workspace for DeviceGroupedConvBwdWeightTwoStage_Xdl_CShuffle::Argument is not allocated, use SetWorkSpacePointer.
Warning: Workspace for DeviceGroupedConvBwdWeightTwoStage_Xdl_CShuffle::Argument is not allocated, use SetWorkSpacePointer.
Warning: Workspace for DeviceGroupedConvBwdWeightTwoStage_Xdl_CShuffle::Argument is not allocated, use SetWorkSpacePointer.
Warning: Workspace for DeviceGroupedConvBwdWeightTwoStage_Xdl_CShuffle::Argument is not allocated, use SetWorkSpacePointer.
Warning: Workspace for DeviceGroupedConvBwdWeightTwoStage_Xdl_CShuffle::Argument is not allocated, use SetWorkSpacePointer.
Warning: Workspace for DeviceGroupedConvBwdWeightTwoStage_Xdl_CShuffle::Argument is not allocated, use SetWorkSpacePointer.
Warning: Workspace for DeviceGroupedConvBwdWeightTwoStage_Xdl_CShuffle::Argument is not allocated, use SetWorkSpacePointer.
Warning: Workspace for DeviceGroupedConvBwdWeightTwoStage_Xdl_CShuffle::Argument is not allocated, use SetWorkSpacePointer.
Warning: Workspace for DeviceGroupedConvBwdWeightTwoStage_Xdl_CShuffle::Argument is not allocated, use SetWorkSpacePointer.
Warning: Workspace for DeviceGroupedConvBwdWeightTwoStage_Xdl_CShuffle::Argument is not allocated, use SetWorkSpacePointer.
Warning: Workspace for DeviceGroupedConvBwdWeightTwoStage_Xdl_CShuffle::Argument is not allocated, use SetWorkSpacePointer.
Warning: Workspace for DeviceGroupedConvBwdWeightTwoStage_Xdl_CShuffle::Argument is not allocated, use SetWorkSpacePointer.
Warning: Workspace for DeviceGroupedConvBwdWeightTwoStage_Xdl_CShuffle::Argument is not allocated, use SetWorkSpacePointer.
Warning: Workspace for DeviceGroupedConvBwdWeightTwoStage_Xdl_CShuffle::Argument is not allocated, use SetWorkSpacePointer.
Warning: Workspace for DeviceGroupedConvBwdWeightTwoStage_Xdl_CShuffle::Argument is not allocated, use SetWorkSpacePointer.
Warning: Workspace for DeviceGroupedConvBwdWeightTwoStage_Xdl_CShuffle::Argument is not allocated, use SetWorkSpacePointer.
Warning: Workspace for DeviceGroupedConvBwdWeightTwoStage_Xdl_CShuffle::Argument is not allocated, use SetWorkSpacePointer.
Warning: Workspace for DeviceGroupedConvBwdWeightTwoStage_Xdl_CShuffle::Argument is not allocated, use SetWorkSpacePointer.
Warning: Workspace for DeviceGroupedConvBwdWeightTwoStage_Xdl_CShuffle::Argument is not allocated, use SetWorkSpacePointer.
Warning: Workspace for DeviceGroupedConvBwdWeightTwoStage_Xdl_CShuffle::Argument is not allocated, use SetWorkSpacePointer.
Warning: Workspace for DeviceGroupedConvBwdWeightTwoStage_Xdl_CShuffle::Argument is not allocated, use SetWorkSpacePointer.
Warning: Workspace for DeviceGroupedConvBwdWeightTwoStage_Xdl_CShuffle::Argument is not allocated, use SetWorkSpacePointer.
Warning: Workspace for DeviceGroupedConvBwdWeightTwoStage_Xdl_CShuffle::Argument is not allocated, use SetWorkSpacePointer.
Warning: Workspace for DeviceGroupedConvBwdWeightTwoStage_Xdl_CShuffle::Argument is not allocated, use SetWorkSpacePointer.
Warning: Workspace for DeviceGroupedConvBwdWeightTwoStage_Xdl_CShuffle::Argument is not allocated, use SetWorkSpacePointer.
Warning: Workspace for DeviceGroupedConvBwdWeightTwoStage_Xdl_CShuffle::Argument is not allocated, use SetWorkSpacePointer.
Warning: Workspace for DeviceGroupedConvBwdWeightTwoStage_Xdl_CShuffle::Argument is not allocated, use SetWorkSpacePointer.
Warning: Workspace for DeviceGroupedConvBwdWeightTwoStage_Xdl_CShuffle::Argument is not allocated, use SetWorkSpacePointer.
Warning: Workspace for DeviceGroupedConvBwdWeightTwoStage_Xdl_CShuffle::Argument is not allocated, use SetWorkSpacePointer.
Warning: Workspace for DeviceGroupedConvBwdWeightTwoStage_Xdl_CShuffle::Argument is not allocated, use SetWorkSpacePointer.
Warning: Workspace for DeviceGroupedConvBwdWeightTwoStage_Xdl_CShuffle::Argument is not allocated, use SetWorkSpacePointer.
Warning: Workspace for DeviceGroupedConvBwdWeightTwoStage_Xdl_CShuffle::Argument is not allocated, use SetWorkSpacePointer.
Warning: Workspace for DeviceGroupedConvBwdWeightTwoStage_Xdl_CShuffle::Argument is not allocated, use SetWorkSpacePointer.
Warning: Workspace for DeviceGroupedConvBwdWeightTwoStage_Xdl_CShuffle::Argument is not allocated, use SetWorkSpacePointer.
Warning: Workspace for DeviceGroupedConvBwdWeightTwoStage_Xdl_CShuffle::Argument is not allocated, use SetWorkSpacePointer.
Warning: Workspace for DeviceGroupedConvBwdWeightTwoStage_Xdl_CShuffle::Argument is not allocated, use SetWorkSpacePointer.
Warning: Workspace for DeviceGroupedConvBwdWeightTwoStage_Xdl_CShuffle::Argument is not allocated, use SetWorkSpacePointer.
Warning: Workspace for DeviceGroupedConvBwdWeightTwoStage_Xdl_CShuffle::Argument is not allocated, use SetWorkSpacePointer.
Warning: Workspace for DeviceGroupedConvBwdWeightTwoStage_Xdl_CShuffle::Argument is not allocated, use SetWorkSpacePointer.
Warning: Workspace for DeviceGroupedConvBwdWeightTwoStage_Xdl_CShuffle::Argument is not allocated, use SetWorkSpacePointer.
Warning: Workspace for DeviceGroupedConvBwdWeightTwoStage_Xdl_CShuffle::Argument is not allocated, use SetWorkSpacePointer.
Warning: Workspace for DeviceGroupedConvBwdWeightTwoStage_Xdl_CShuffle::Argument is not allocated, use SetWorkSpacePointer.
Warning: Workspace for DeviceGroupedConvBwdWeightTwoStage_Xdl_CShuffle::Argument is not allocated, use SetWorkSpacePointer.
Warning: Workspace for DeviceGroupedConvBwdWeightTwoStage_Xdl_CShuffle::Argument is not allocated, use SetWorkSpacePointer.
Warning: Workspace for DeviceGroupedConvBwdWeightTwoStage_Xdl_CShuffle::Argument is not allocated, use SetWorkSpacePointer.
Warning: Workspace for DeviceGroupedConvBwdWeightTwoStage_Xdl_CShuffle::Argument is not allocated, use SetWorkSpacePointer.
[K      1/100     0.213G      1.532      3.042      1.704         28        512: 0% ──────────── 0/53  12.1s[K      1/100      1.16G      2.073      3.373      1.957         24        512: 2% ──────────── 1/53 2.7it/s 12.2s<19.4s[K      1/100      1.16G      2.007      3.471      1.979         22        512: 6% ╸─────────── 3/53 5.0it/s 12.4s<9.9s[K      1/100      1.16G      2.076      3.464      2.021         27        512: 9% ━─────────── 5/53 7.0it/s 12.6s<6.9s[K      1/100      1.17G       2.09       3.51      2.072         17        512: 13% ━╸────────── 7/53 7.8it/s 12.8s<5.9s[K      1/100      1.19G       2.04      3.483      2.042         31        512: 17% ━━────────── 9/53 8.9it/s 13.0s<5.0s[K      1/100      1.19G      2.022       3.46       2.02         27        512: 21% ━━────────── 11/53 9.6it/s 13.1s<4.4s[K      1/100      1.19G      1.964      3.443      1.989         22        512: 25% ━━╸───────── 13/53 10.1it/s 13.3s<4.0s[K      1/100      1.19G      1.949      3.407      1.982         22        512: 28% ━━━───────── 15/53 10.5it/s 13.5s<3.6s[K      1/100      1.19G      1.935      3.354      1.971         34        512: 32% ━━━╸──────── 17/53 10.7it/s 13.7s<3.4s[K      1/100      1.19G      1.923      3.325      1.957         23        512: 36% ━━━━──────── 19/53 10.9it/s 13.8s<3.1s[K      1/100      1.19G      1.877      3.299      1.926         18        512: 40% ━━━━╸─────── 21/53 11.0it/s 14.0s<2.9s[K      1/100      1.19G      1.876      3.266      1.925         20        512: 43% ━━━━━─────── 23/53 11.1it/s 14.2s<2.7s[K      1/100      1.19G      1.869      3.219      1.914         27        512: 47% ━━━━━╸────── 25/53 11.2it/s 14.4s<2.5s[K      1/100      1.19G       1.84       3.19      1.887         17        512: 51% ━━━━━━────── 27/53 11.4it/s 14.5s<2.3s[K      1/100       1.2G       1.81      3.174      1.872         17        512: 55% ━━━━━━╸───── 29/53 11.5it/s 14.7s<2.1s[K      1/100       1.2G      1.802       3.17      1.867         13        512: 58% ━━━━━━━───── 31/53 11.6it/s 14.9s<1.9s[K      1/100       1.2G      1.795      3.133      1.857         28        512: 62% ━━━━━━━───── 33/53 11.7it/s 15.1s<1.7s[K      1/100       1.2G      1.795      3.118      1.847         18        512: 66% ━━━━━━━╸──── 35/53 11.7it/s 15.2s<1.5s[K      1/100       1.2G      1.777      3.113      1.834         21        512: 70% ━━━━━━━━──── 37/53 11.8it/s 15.4s<1.4s[K      1/100       1.2G      1.777        3.1      1.837         22        512: 74% ━━━━━━━━╸─── 39/53 11.8it/s 15.6s<1.2s[K      1/100       1.2G      1.764      3.072      1.828         18        512: 77% ━━━━━━━━━─── 41/53 11.8it/s 15.7s<1.0s[K      1/100       1.2G      1.758      3.066      1.823         17        512: 81% ━━━━━━━━━╸── 43/53 11.8it/s 15.9s<0.8s[K      1/100       1.2G      1.754      3.052      1.818         19        512: 85% ━━━━━━━━━━── 45/53 11.8it/s 16.1s<0.7s[K      1/100       1.2G      1.753      3.038       1.82         17        512: 89% ━━━━━━━━━━╸─ 47/53 11.8it/s 16.2s<0.5s[K      1/100       1.2G      1.757      3.039       1.82         22        512: 92% ━━━━━━━━━━━─ 49/53 11.8it/s 16.4s<0.3s[K      1/100       1.2G      1.758      3.034      1.821         14        512: 96% ━━━━━━━━━━━╸ 51/53 11.8it/s 16.6s<0.2sWarning: Workspace for DeviceGroupedConvBwdWeightTwoStage_Xdl_CShuffle::Argument is not allocated, use SetWorkSpacePointer.
Warning: Workspace for DeviceGroupedConvBwdWeightTwoStage_Xdl_CShuffle::Argument is not allocated, use SetWorkSpacePointer.
Warning: Workspace for DeviceGroupedConvBwdWeightTwoStage_Xdl_CShuffle::Argument is not allocated, use SetWorkSpacePointer.
Warning: Workspace for DeviceGroupedConvBwdWeightTwoStage_Xdl_CShuffle::Argument is not allocated, use SetWorkSpacePointer.
Warning: Workspace for DeviceGroupedConvBwdWeightTwoStage_Xdl_CShuffle::Argument is not allocated, use SetWorkSpacePointer.
Warning: Workspace for DeviceGroupedConvBwdWeightTwoStage_Xdl_CShuffle::Argument is not allocated, use SetWorkSpacePointer.
Warning: Workspace for DeviceGroupedConvBwdWeightTwoStage_Xdl_CShuffle::Argument is not allocated, use SetWorkSpacePointer.
Warning: Workspace for DeviceGroupedConvBwdWeightTwoStage_Xdl_CShuffle::Argument is not allocated, use SetWorkSpacePointer.
Warning: Workspace for DeviceGroupedConvBwdWeightTwoStage_Xdl_CShuffle::Argument is not allocated, use SetWorkSpacePointer.
Warning: Workspace for DeviceGroupedConvBwdWeightTwoStage_Xdl_CShuffle::Argument is not allocated, use SetWorkSpacePointer.
Warning: Workspace for DeviceGroupedConvBwdWeightTwoStage_Xdl_CShuffle::Argument is not allocated, use SetWorkSpacePointer.
Warning: Workspace for DeviceGroupedConvBwdWeightTwoStage_Xdl_CShuffle::Argument is not allocated, use SetWorkSpacePointer.
Warning: Workspace for DeviceGroupedConvBwdWeightTwoStage_Xdl_CShuffle::Argument is not allocated, use SetWorkSpacePointer.
Warning: Workspace for DeviceGroupedConvBwdWeightTwoStage_Xdl_CShuffle::Argument is not allocated, use SetWorkSpacePointer.
Warning: Workspace for DeviceGroupedConvBwdWeightTwoStage_Xdl_CShuffle::Argument is not allocated, use SetWorkSpacePointer.
Warning: Workspace for DeviceGroupedConvBwdWeightTwoStage_Xdl_CShuffle::Argument is not allocated, use SetWorkSpacePointer.
Warning: Workspace for DeviceGroupedConvBwdWeightTwoStage_Xdl_CShuffle::Argument is not allocated, use SetWorkSpacePointer.
Warning: Workspace for DeviceGroupedConvBwdWeightTwoStage_Xdl_CShuffle::Argument is not allocated, use SetWorkSpacePointer.
Warning: Workspace for DeviceGroupedConvBwdWeightTwoStage_Xdl_CShuffle::Argument is not allocated, use SetWorkSpacePointer.
Warning: Workspace for DeviceGroupedConvBwdWeightTwoStage_Xdl_CShuffle::Argument is not allocated, use SetWorkSpacePointer.
Warning: Workspace for DeviceGroupedConvBwdWeightTwoStage_Xdl_CShuffle::Argument is not allocated, use SetWorkSpacePointer.
Warning: Workspace for DeviceGroupedConvBwdWeightTwoStage_Xdl_CShuffle::Argument is not allocated, use SetWorkSpacePointer.
Warning: Workspace for DeviceGroupedConvBwdWeightTwoStage_Xdl_CShuffle::Argument is not allocated, use SetWorkSpacePointer.
Warning: Workspace for DeviceGroupedConvBwdWeightTwoStage_Xdl_CShuffle::Argument is not allocated, use SetWorkSpacePointer.
Warning: Workspace for DeviceGroupedConvBwdWeightTwoStage_Xdl_CShuffle::Argument is not allocated, use SetWorkSpacePointer.
Warning: Workspace for DeviceGroupedConvBwdWeightTwoStage_Xdl_CShuffle::Argument is not allocated, use SetWorkSpacePointer.
Warning: Workspace for DeviceGroupedConvBwdWeightTwoStage_Xdl_CShuffle::Argument is not allocated, use SetWorkSpacePointer.
Warning: Workspace for DeviceGroupedConvBwdWeightTwoStage_Xdl_CShuffle::Argument is not allocated, use SetWorkSpacePointer.
Warning: Workspace for DeviceGroupedConvBwdWeightTwoStage_Xdl_CShuffle::Argument is not allocated, use SetWorkSpacePointer.
Warning: Workspace for DeviceGroupedConvBwdWeightTwoStage_Xdl_CShuffle::Argument is not allocated, use SetWorkSpacePointer.
Warning: Workspace for DeviceGroupedConvBwdWeightTwoStage_Xdl_CShuffle::Argument is not allocated, use SetWorkSpacePointer.
Warning: Workspace for DeviceGroupedConvBwdWeightTwoStage_Xdl_CShuffle::Argument is not allocated, use SetWorkSpacePointer.
Warning: Workspace for DeviceGroupedConvBwdWeightTwoStage_Xdl_CShuffle::Argument is not allocated, use SetWorkSpacePointer.
Warning: Workspace for DeviceGroupedConvBwdWeightTwoStage_Xdl_CShuffle::Argument is not allocated, use SetWorkSpacePointer.
Warning: Workspace for DeviceGroupedConvBwdWeightTwoStage_Xdl_CShuffle::Argument is not allocated, use SetWorkSpacePointer.
Warning: Workspace for DeviceGroupedConvBwdWeightTwoStage_Xdl_CShuffle::Argument is not allocated, use SetWorkSpacePointer.
Warning: Workspace for DeviceGroupedConvBwdWeightTwoStage_Xdl_CShuffle::Argument is not allocated, use SetWorkSpacePointer.
Warning: Workspace for DeviceGroupedConvBwdWeightTwoStage_Xdl_CShuffle::Argument is not allocated, use SetWorkSpacePointer.
Warning: Workspace for DeviceGroupedConvBwdWeightTwoStage_Xdl_CShuffle::Argument is not allocated, use SetWorkSpacePointer.
Warning: Workspace for DeviceGroupedConvBwdWeightTwoStage_Xdl_CShuffle::Argument is not allocated, use SetWorkSpacePointer.
Warning: Workspace for DeviceGroupedConvBwdWeightTwoStage_Xdl_CShuffle::Argument is not allocated, use SetWorkSpacePointer.
Warning: Workspace for DeviceGroupedConvBwdWeightTwoStage_Xdl_CShuffle::Argument is not allocated, use SetWorkSpacePointer.
Warning: Workspace for DeviceGroupedConvBwdWeightTwoStage_Xdl_CShuffle::Argument is not allocated, use SetWorkSpacePointer.
Warning: Workspace for DeviceGroupedConvBwdWeightTwoStage_Xdl_CShuffle::Argument is not allocated, use SetWorkSpacePointer.
Warning: Workspace for DeviceGroupedConvBwdWeightTwoStage_Xdl_CShuffle::Argument is not allocated, use SetWorkSpacePointer.
Warning: Workspace for DeviceGroupedConvBwdWeightTwoStage_Xdl_CShuffle::Argument is not allocated, use SetWorkSpacePointer.
Warning: Workspace for DeviceGroupedConvBwdWeightTwoStage_Xdl_CShuffle::Argument is not allocated, use SetWorkSpacePointer.
Warning: Workspace for DeviceGroupedConvBwdWeightTwoStage_Xdl_CShuffle::Argument is not allocated, use SetWorkSpacePointer.
Warning: Workspace for DeviceGroupedConvBwdWeightTwoStage_Xdl_CShuffle::Argument is not allocated, use SetWorkSpacePointer.
Warning: Workspace for DeviceGroupedConvBwdWeightTwoStage_Xdl_CShuffle::Argument is not allocated, use SetWorkSpacePointer.
Warning: Workspace for DeviceGroupedConvBwdWeightTwoStage_Xdl_CShuffle::Argument is not allocated, use SetWorkSpacePointer.
Warning: Workspace for DeviceGroupedConvBwdWeightTwoStage_Xdl_CShuffle::Argument is not allocated, use SetWorkSpacePointer.
Warning: Workspace for DeviceGroupedConvBwdWeightTwoStage_Xdl_CShuffle::Argument is not allocated, use SetWorkSpacePointer.
Warning: Workspace for DeviceGroupedConvBwdWeightTwoStage_Xdl_CShuffle::Argument is not allocated, use SetWorkSpacePointer.
Warning: Workspace for DeviceGroupedConvBwdWeightTwoStage_Xdl_CShuffle::Argument is not allocated, use SetWorkSpacePointer.
Warning: Workspace for DeviceGroupedConvBwdWeightTwoStage_Xdl_CShuffle::Argument is not allocated, use SetWorkSpacePointer.
Warning: Workspace for DeviceGroupedConvBwdWeightTwoStage_Xdl_CShuffle::Argument is not allocated, use SetWorkSpacePointer.
Warning: Workspace for DeviceGroupedConvBwdWeightTwoStage_Xdl_CShuffle::Argument is not allocated, use SetWorkSpacePointer.
Warning: Workspace for DeviceGroupedConvBwdWeightTwoStage_Xdl_CShuffle::Argument is not allocated, use SetWorkSpacePointer.
Warning: Workspace for DeviceGroupedConvBwdWeightTwoStage_Xdl_CShuffle::Argument is not allocated, use SetWorkSpacePointer.
Warning: Workspace for DeviceGroupedConvBwdWeightTwoStage_Xdl_CShuffle::Argument is not allocated, use SetWorkSpacePointer.
Warning: Workspace for DeviceGroupedConvBwdWeightTwoStage_Xdl_CShuffle::Argument is not allocated, use SetWorkSpacePointer.
Warning: Workspace for DeviceGroupedConvBwdWeightTwoStage_Xdl_CShuffle::Argument is not allocated, use SetWorkSpacePointer.
Warning: Workspace for DeviceGroupedConvBwdWeightTwoStage_Xdl_CShuffle::Argument is not allocated, use SetWorkSpacePointer.
Warning: Workspace for DeviceGroupedConvBwdWeightTwoStage_Xdl_CShuffle::Argument is not allocated, use SetWorkSpacePointer.
Warning: Workspace for DeviceGroupedConvBwdWeightTwoStage_Xdl_CShuffle::Argument is not allocated, use SetWorkSpacePointer.
Warning: Workspace for DeviceGroupedConvBwdWeightTwoStage_Xdl_CShuffle::Argument is not allocated, use SetWorkSpacePointer.
Warning: Workspace for DeviceGroupedConvBwdWeightTwoStage_Xdl_CShuffle::Argument is not allocated, use SetWorkSpacePointer.
Warning: Workspace for DeviceGroupedConvBwdWeightTwoStage_Xdl_CShuffle::Argument is not allocated, use SetWorkSpacePointer.
Warning: Workspace for DeviceGroupedConvBwdWeightTwoStage_Xdl_CShuffle::Argument is not allocated, use SetWorkSpacePointer.
Warning: Workspace for DeviceGroupedConvBwdWeightTwoStage_Xdl_CShuffle::Argument is not allocated, use SetWorkSpacePointer.
Warning: Workspace for DeviceGroupedConvBwdWeightTwoStage_Xdl_CShuffle::Argument is not allocated, use SetWorkSpacePointer.
Warning: Workspace for DeviceGroupedConvBwdWeightTwoStage_Xdl_CShuffle::Argument is not allocated, use SetWorkSpacePointer.
Warning: Workspace for DeviceGroupedConvBwdWeightTwoStage_Xdl_CShuffle::Argument is not allocated, use SetWorkSpacePointer.
Warning: Workspace for DeviceGroupedConvBwdWeightTwoStage_Xdl_CShuffle::Argument is not allocated, use SetWorkSpacePointer.
Warning: Workspace for DeviceGroupedConvBwdWeightTwoStage_Xdl_CShuffle::Argument is not allocated, use SetWorkSpacePointer.
Warning: Workspace for DeviceGroupedConvBwdWeightTwoStage_Xdl_CShuffle::Argument is not allocated, use SetWorkSpacePointer.
Warning: Workspace for DeviceGroupedConvBwdWeightTwoStage_Xdl_CShuffle::Argument is not allocated, use SetWorkSpacePointer.
Warning: Workspace for DeviceGroupedConvBwdWeightTwoStage_Xdl_CShuffle::Argument is not allocated, use SetWorkSpacePointer.
Warning: Workspace for DeviceGroupedConvBwdWeightTwoStage_Xdl_CShuffle::Argument is not allocated, use SetWorkSpacePointer.
Warning: Workspace for DeviceGroupedConvBwdWeightTwoStage_Xdl_CShuffle::Argument is not allocated, use SetWorkSpacePointer.
Warning: Workspace for DeviceGroupedConvBwdWeightTwoStage_Xdl_CShuffle::Argument is not allocated, use SetWorkSpacePointer.
Warning: Workspace for DeviceGroupedConvBwdWeightTwoStage_Xdl_CShuffle::Argument is not allocated, use SetWorkSpacePointer.
Warning: Workspace for DeviceGroupedConvBwdWeightTwoStage_Xdl_CShuffle::Argument is not allocated, use SetWorkSpacePointer.
Warning: Workspace for DeviceGroupedConvBwdWeightTwoStage_Xdl_CShuffle::Argument is not allocated, use SetWorkSpacePointer.
Warning: Workspace for DeviceGroupedConvBwdWeightTwoStage_Xdl_CShuffle::Argument is not allocated, use SetWorkSpacePointer.
Warning: Workspace for DeviceGroupedConvBwdWeightTwoStage_Xdl_CShuffle::Argument is not allocated, use SetWorkSpacePointer.
Warning: Workspace for DeviceGroupedConvBwdWeightTwoStage_Xdl_CShuffle::Argument is not allocated, use SetWorkSpacePointer.
Warning: Workspace for DeviceGroupedConvBwdWeightTwoStage_Xdl_CShuffle::Argument is not allocated, use SetWorkSpacePointer.
Warning: Workspace for DeviceGroupedConvBwdWeightTwoStage_Xdl_CShuffle::Argument is not allocated, use SetWorkSpacePointer.
Warning: Workspace for DeviceGroupedConvBwdWeightTwoStage_Xdl_CShuffle::Argument is not allocated, use SetWorkSpacePointer.
Warning: Workspace for DeviceGroupedConvBwdWeightTwoStage_Xdl_CShuffle::Argument is not allocated, use SetWorkSpacePointer.
Warning: Workspace for DeviceGroupedConvBwdWeightTwoStage_Xdl_CShuffle::Argument is not allocated, use SetWorkSpacePointer.
Warning: Workspace for DeviceGroupedConvBwdWeightTwoStage_Xdl_CShuffle::Argument is not allocated, use SetWorkSpacePointer.
Warning: Workspace for DeviceGroupedConvBwdWeightTwoStage_Xdl_CShuffle::Argument is not allocated, use SetWorkSpacePointer.
Warning: Workspace for DeviceGroupedConvBwdWeightTwoStage_Xdl_CShuffle::Argument is not allocated, use SetWorkSpacePointer.
Warning: Workspace for DeviceGroupedConvBwdWeightTwoStage_Xdl_CShuffle::Argument is not allocated, use SetWorkSpacePointer.
Warning: Workspace for DeviceGroupedConvBwdWeightTwoStage_Xdl_CShuffle::Argument is not allocated, use SetWorkSpacePointer.
Warning: Workspace for DeviceGroupedConvBwdWeightTwoStage_Xdl_CShuffle::Argument is not allocated, use SetWorkSpacePointer.
Warning: Workspace for DeviceGroupedConvBwdWeightTwoStage_Xdl_CShuffle::Argument is not allocated, use SetWorkSpacePointer.
Warning: Workspace for DeviceGroupedConvBwdWeightTwoStage_Xdl_CShuffle::Argument is not allocated, use SetWorkSpacePointer.
Warning: Workspace for DeviceGroupedConvBwdWeightTwoStage_Xdl_CShuffle::Argument is not allocated, use SetWorkSpacePointer.
Warning: Workspace for DeviceGroupedConvBwdWeightTwoStage_Xdl_CShuffle::Argument is not allocated, use SetWorkSpacePointer.
Warning: Workspace for DeviceGroupedConvBwdWeightTwoStage_Xdl_CShuffle::Argument is not allocated, use SetWorkSpacePointer.
Warning: Workspace for DeviceGroupedConvBwdWeightTwoStage_Xdl_CShuffle::Argument is not allocated, use SetWorkSpacePointer.
Warning: Workspace for DeviceGroupedConvBwdWeightTwoStage_Xdl_CShuffle::Argument is not allocated, use SetWorkSpacePointer.
Warning: Workspace for DeviceGroupedConvBwdWeightTwoStage_Xdl_CShuffle::Argument is not allocated, use SetWorkSpacePointer.
Warning: Workspace for DeviceGroupedConvBwdWeightTwoStage_Xdl_CShuffle::Argument is not allocated, use SetWorkSpacePointer.
Warning: Workspace for DeviceGroupedConvBwdWeightTwoStage_Xdl_CShuffle::Argument is not allocated, use SetWorkSpacePointer.
Warning: Workspace for DeviceGroupedConvBwdWeightTwoStage_Xdl_CShuffle::Argument is not allocated, use SetWorkSpacePointer.
Warning: Workspace for DeviceGroupedConvBwdWeightTwoStage_Xdl_CShuffle::Argument is not allocated, use SetWorkSpacePointer.
Warning: Workspace for DeviceGroupedConvBwdWeightTwoStage_Xdl_CShuffle::Argument is not allocated, use SetWorkSpacePointer.
Warning: Workspace for DeviceGroupedConvBwdWeightTwoStage_Xdl_CShuffle::Argument is not allocated, use SetWorkSpacePointer.
Warning: Workspace for DeviceGroupedConvBwdWeightTwoStage_Xdl_CShuffle::Argument is not allocated, use SetWorkSpacePointer.
Warning: Workspace for DeviceGroupedConvBwdWeightTwoStage_Xdl_CShuffle::Argument is not allocated, use SetWorkSpacePointer.
Warning: Workspace for DeviceGroupedConvBwdWeightTwoStage_Xdl_CShuffle::Argument is not allocated, use SetWorkSpacePointer.
Warning: Workspace for DeviceGroupedConvBwdWeightTwoStage_Xdl_CShuffle::Argument is not allocated, use SetWorkSpacePointer.
Warning: Workspace for DeviceGroupedConvBwdWeightTwoStage_Xdl_CShuffle::Argument is not allocated, use SetWorkSpacePointer.
Warning: Workspace for DeviceGroupedConvBwdWeightTwoStage_Xdl_CShuffle::Argument is not allocated, use SetWorkSpacePointer.
Warning: Workspace for DeviceGroupedConvBwdWeightTwoStage_Xdl_CShuffle::Argument is not allocated, use SetWorkSpacePointer.
Warning: Workspace for DeviceGroupedConvBwdWeightTwoStage_Xdl_CShuffle::Argument is not allocated, use SetWorkSpacePointer.
Warning: Workspace for DeviceGroupedConvBwdWeightTwoStage_Xdl_CShuffle::Argument is not allocated, use SetWorkSpacePointer.
Warning: Workspace for DeviceGroupedConvBwdWeightTwoStage_Xdl_CShuffle::Argument is not allocated, use SetWorkSpacePointer.
Warning: Workspace for DeviceGroupedConvBwdWeightTwoStage_Xdl_CShuffle::Argument is not allocated, use SetWorkSpacePointer.
Warning: Workspace for DeviceGroupedConvBwdWeightTwoStage_Xdl_CShuffle::Argument is not allocated, use SetWorkSpacePointer.
Warning: Workspace for DeviceGroupedConvBwdWeightTwoStage_Xdl_CShuffle::Argument is not allocated, use SetWorkSpacePointer.
Warning: Workspace for DeviceGroupedConvBwdWeightTwoStage_Xdl_CShuffle::Argument is not allocated, use SetWorkSpacePointer.
Warning: Workspace for DeviceGroupedConvBwdWeightTwoStage_Xdl_CShuffle::Argument is not allocated, use SetWorkSpacePointer.
Warning: Workspace for DeviceGroupedConvBwdWeightTwoStage_Xdl_CShuffle::Argument is not allocated, use SetWorkSpacePointer.
Warning: Workspace for DeviceGroupedConvBwdWeightTwoStage_Xdl_CShuffle::Argument is not allocated, use SetWorkSpacePointer.
Warning: Workspace for DeviceGroupedConvBwdWeightTwoStage_Xdl_CShuffle::Argument is not allocated, use SetWorkSpacePointer.
Warning: Workspace for DeviceGroupedConvBwdWeightTwoStage_Xdl_CShuffle::Argument is not allocated, use SetWorkSpacePointer.
Warning: Workspace for DeviceGroupedConvBwdWeightTwoStage_Xdl_CShuffle::Argument is not allocated, use SetWorkSpacePointer.
Warning: Workspace for DeviceGroupedConvBwdWeightTwoStage_Xdl_CShuffle::Argument is not allocated, use SetWorkSpacePointer.
Warning: Workspace for DeviceGroupedConvBwdWeightTwoStage_Xdl_CShuffle::Argument is not allocated, use SetWorkSpacePointer.
Warning: Workspace for DeviceGroupedConvBwdWeightTwoStage_Xdl_CShuffle::Argument is not allocated, use SetWorkSpacePointer.
Warning: Workspace for DeviceGroupedConvBwdWeightTwoStage_Xdl_CShuffle::Argument is not allocated, use SetWorkSpacePointer.
Warning: Workspace for DeviceGroupedConvBwdWeightTwoStage_Xdl_CShuffle::Argument is not allocated, use SetWorkSpacePointer.
Warning: Workspace for DeviceGroupedConvBwdWeightTwoStage_Xdl_CShuffle::Argument is not allocated, use SetWorkSpacePointer.
Warning: Workspace for DeviceGroupedConvBwdWeightTwoStage_Xdl_CShuffle::Argument is not allocated, use SetWorkSpacePointer.
Warning: Workspace for DeviceGroupedConvBwdWeightTwoStage_Xdl_CShuffle::Argument is not allocated, use SetWorkSpacePointer.
Warning: Workspace for DeviceGroupedConvBwdWeightTwoStage_Xdl_CShuffle::Argument is not allocated, use SetWorkSpacePointer.
Warning: Workspace for DeviceGroupedConvBwdWeightTwoStage_Xdl_CShuffle::Argument is not allocated, use SetWorkSpacePointer.
Warning: Workspace for DeviceGroupedConvBwdWeightTwoStage_Xdl_CShuffle::Argument is not allocated, use SetWorkSpacePointer.
Warning: Workspace for DeviceGroupedConvBwdWeightTwoStage_Xdl_CShuffle::Argument is not allocated, use SetWorkSpacePointer.
Warning: Workspace for DeviceGroupedConvBwdWeightTwoStage_Xdl_CShuffle::Argument is not allocated, use SetWorkSpacePointer.
Warning: Workspace for DeviceGroupedConvBwdWeightTwoStage_Xdl_CShuffle::Argument is not allocated, use SetWorkSpacePointer.
Warning: Workspace for DeviceGroupedConvBwdWeightTwoStage_Xdl_CShuffle::Argument is not allocated, use SetWorkSpacePointer.
Warning: Workspace for DeviceGroupedConvBwdWeightTwoStage_Xdl_CShuffle::Argument is not allocated, use SetWorkSpacePointer.
Warning: Workspace for DeviceGroupedConvBwdWeightTwoStage_Xdl_CShuffle::Argument is not allocated, use SetWorkSpacePointer.
Warning: Workspace for DeviceGroupedConvBwdWeightTwoStage_Xdl_CShuffle::Argument is not allocated, use SetWorkSpacePointer.
Warning: Workspace for DeviceGroupedConvBwdWeightTwoStage_Xdl_CShuffle::Argument is not allocated, use SetWorkSpacePointer.
Warning: Workspace for DeviceGroupedConvBwdWeightTwoStage_Xdl_CShuffle::Argument is not allocated, use SetWorkSpacePointer.
Warning: Workspace for DeviceGroupedConvBwdWeightTwoStage_Xdl_CShuffle::Argument is not allocated, use SetWorkSpacePointer.
Warning: Workspace for DeviceGroupedConvBwdWeightTwoStage_Xdl_CShuffle::Argument is not allocated, use SetWorkSpacePointer.
Warning: Workspace for DeviceGroupedConvBwdWeightTwoStage_Xdl_CShuffle::Argument is not allocated, use SetWorkSpacePointer.
Warning: Workspace for DeviceGroupedConvBwdWeightTwoStage_Xdl_CShuffle::Argument is not allocated, use SetWorkSpacePointer.
Warning: Workspace for DeviceGroupedConvBwdWeightTwoStage_Xdl_CShuffle::Argument is not allocated, use SetWorkSpacePointer.
Warning: Workspace for DeviceGroupedConvBwdWeightTwoStage_Xdl_CShuffle::Argument is not allocated, use SetWorkSpacePointer.
Warning: Workspace for DeviceGroupedConvBwdWeightTwoStage_Xdl_CShuffle::Argument is not allocated, use SetWorkSpacePointer.
Warning: Workspace for DeviceGroupedConvBwdWeightTwoStage_Xdl_CShuffle::Argument is not allocated, use SetWorkSpacePointer.
Warning: Workspace for DeviceGroupedConvBwdWeightTwoStage_Xdl_CShuffle::Argument is not allocated, use SetWorkSpacePointer.
Warning: Workspace for DeviceGroupedConvBwdWeightTwoStage_Xdl_CShuffle::Argument is not allocated, use SetWorkSpacePointer.
Warning: Workspace for DeviceGroupedConvBwdWeightTwoStage_Xdl_CShuffle::Argument is not allocated, use SetWorkSpacePointer.
Warning: Workspace for DeviceGroupedConvBwdWeightTwoStage_Xdl_CShuffle::Argument is not allocated, use SetWorkSpacePointer.
Warning: Workspace for DeviceGroupedConvBwdWeightTwoStage_Xdl_CShuffle::Argument is not allocated, use SetWorkSpacePointer.
Warning: Workspace for DeviceGroupedConvBwdWeightTwoStage_Xdl_CShuffle::Argument is not allocated, use SetWorkSpacePointer.
Warning: Workspace for DeviceGroupedConvBwdWeightTwoStage_Xdl_CShuffle::Argument is not allocated, use SetWorkSpacePointer.
Warning: Workspace for DeviceGroupedConvBwdWeightTwoStage_Xdl_CShuffle::Argument is not allocated, use SetWorkSpacePointer.
Warning: Workspace for DeviceGroupedConvBwdWeightTwoStage_Xdl_CShuffle::Argument is not allocated, use SetWorkSpacePointer.
Warning: Workspace for DeviceGroupedConvBwdWeightTwoStage_Xdl_CShuffle::Argument is not allocated, use SetWorkSpacePointer.
Warning: Workspace for DeviceGroupedConvBwdWeightTwoStage_Xdl_CShuffle::Argument is not allocated, use SetWorkSpacePointer.
Warning: Workspace for DeviceGroupedConvBwdWeightTwoStage_Xdl_CShuffle::Argument is not allocated, use SetWorkSpacePointer.
Warning: Workspace for DeviceGroupedConvBwdWeightTwoStage_Xdl_CShuffle::Argument is not allocated, use SetWorkSpacePointer.
Warning: Workspace for DeviceGroupedConvBwdWeightTwoStage_Xdl_CShuffle::Argument is not allocated, use SetWorkSpacePointer.
Warning: Workspace for DeviceGroupedConvBwdWeightTwoStage_Xdl_CShuffle::Argument is not allocated, use SetWorkSpacePointer.
Warning: Workspace for DeviceGroupedConvBwdWeightTwoStage_Xdl_CShuffle::Argument is not allocated, use SetWorkSpacePointer.
Warning: Workspace for DeviceGroupedConvBwdWeightTwoStage_Xdl_CShuffle::Argument is not allocated, use SetWorkSpacePointer.
Warning: Workspace for DeviceGroupedConvBwdWeightTwoStage_Xdl_CShuffle::Argument is not allocated, use SetWorkSpacePointer.
Warning: Workspace for DeviceGroupedConvBwdWeightTwoStage_Xdl_CShuffle::Argument is not allocated, use SetWorkSpacePointer.
Warning: Workspace for DeviceGroupedConvBwdWeightTwoStage_Xdl_CShuffle::Argument is not allocated, use SetWorkSpacePointer.
Warning: Workspace for DeviceGroupedConvBwdWeightTwoStage_Xdl_CShuffle::Argument is not allocated, use SetWorkSpacePointer.
Warning: Workspace for DeviceGroupedConvBwdWeightTwoStage_Xdl_CShuffle::Argument is not allocated, use SetWorkSpacePointer.
Warning: Workspace for DeviceGroupedConvBwdWeightTwoStage_Xdl_CShuffle::Argument is not allocated, use SetWorkSpacePointer.
Warning: Workspace for DeviceGroupedConvBwdWeightTwoStage_Xdl_CShuffle::Argument is not allocated, use SetWorkSpacePointer.
Warning: Workspace for DeviceGroupedConvBwdWeightTwoStage_Xdl_CShuffle::Argument is not allocated, use SetWorkSpacePointer.
Warning: Workspace for DeviceGroupedConvBwdWeightTwoStage_Xdl_CShuffle::Argument is not allocated, use SetWorkSpacePointer.
Warning: Workspace for DeviceGroupedConvBwdWeightTwoStage_Xdl_CShuffle::Argument is not allocated, use SetWorkSpacePointer.
Warning: Workspace for DeviceGroupedConvBwdWeightTwoStage_Xdl_CShuffle::Argument is not allocated, use SetWorkSpacePointer.
Warning: Workspace for DeviceGroupedConvBwdWeightTwoStage_Xdl_CShuffle::Argument is not allocated, use SetWorkSpacePointer.
Warning: Workspace for DeviceGroupedConvBwdWeightTwoStage_Xdl_CShuffle::Argument is not allocated, use SetWorkSpacePointer.
Warning: Workspace for DeviceGroupedConvBwdWeightTwoStage_Xdl_CShuffle::Argument is not allocated, use SetWorkSpacePointer.
Warning: Workspace for DeviceGroupedConvBwdWeightTwoStage_Xdl_CShuffle::Argument is not allocated, use SetWorkSpacePointer.
Warning: Workspace for DeviceGroupedConvBwdWeightTwoStage_Xdl_CShuffle::Argument is not allocated, use SetWorkSpacePointer.
Warning: Workspace for DeviceGroupedConvBwdWeightTwoStage_Xdl_CShuffle::Argument is not allocated, use SetWorkSpacePointer.
Warning: Workspace for DeviceGroupedConvBwdWeightTwoStage_Xdl_CShuffle::Argument is not allocated, use SetWorkSpacePointer.
Warning: Workspace for DeviceGroupedConvBwdWeightTwoStage_Xdl_CShuffle::Argument is not allocated, use SetWorkSpacePointer.
Warning: Workspace for DeviceGroupedConvBwdWeightTwoStage_Xdl_CShuffle::Argument is not allocated, use SetWorkSpacePointer.
Warning: Workspace for DeviceGroupedConvBwdWeightTwoStage_Xdl_CShuffle::Argument is not allocated, use SetWorkSpacePointer.
Warning: Workspace for DeviceGroupedConvBwdWeightTwoStage_Xdl_CShuffle::Argument is not allocated, use SetWorkSpacePointer.
Warning: Workspace for DeviceGroupedConvBwdWeightTwoStage_Xdl_CShuffle::Argument is not allocated, use SetWorkSpacePointer.
Warning: Workspace for DeviceGroupedConvBwdWeightTwoStage_Xdl_CShuffle::Argument is not allocated, use SetWorkSpacePointer.
Warning: Workspace for DeviceGroupedConvBwdWeightTwoStage_Xdl_CShuffle::Argument is not allocated, use SetWorkSpacePointer.
Warning: Workspace for DeviceGroupedConvBwdWeightTwoStage_Xdl_CShuffle::Argument is not allocated, use SetWorkSpacePointer.
Warning: Workspace for DeviceGroupedConvBwdWeightTwoStage_Xdl_CShuffle::Argument is not allocated, use SetWorkSpacePointer.
Warning: Workspace for DeviceGroupedConvBwdWeightTwoStage_Xdl_CShuffle::Argument is not allocated, use SetWorkSpacePointer.
Warning: Workspace for DeviceGroupedConvBwdWeightTwoStage_Xdl_CShuffle::Argument is not allocated, use SetWorkSpacePointer.
Warning: Workspace for DeviceGroupedConvBwdWeightTwoStage_Xdl_CShuffle::Argument is not allocated, use SetWorkSpacePointer.
Warning: Workspace for DeviceGroupedConvBwdWeightTwoStage_Xdl_CShuffle::Argument is not allocated, use SetWorkSpacePointer.
Warning: Workspace for DeviceGroupedConvBwdWeightTwoStage_Xdl_CShuffle::Argument is not allocated, use SetWorkSpacePointer.
Warning: Workspace for DeviceGroupedConvBwdWeightTwoStage_Xdl_CShuffle::Argument is not allocated, use SetWorkSpacePointer.
Warning: Workspace for DeviceGroupedConvBwdWeightTwoStage_Xdl_CShuffle::Argument is not allocated, use SetWorkSpacePointer.
Warning: Workspace for DeviceGroupedConvBwdWeightTwoStage_Xdl_CShuffle::Argument is not allocated, use SetWorkSpacePointer.
Warning: Workspace for DeviceGroupedConvBwdWeightTwoStage_Xdl_CShuffle::Argument is not allocated, use SetWorkSpacePointer.
Warning: Workspace for DeviceGroupedConvBwdWeightTwoStage_Xdl_CShuffle::Argument is not allocated, use SetWorkSpacePointer.
Warning: Workspace for DeviceGroupedConvBwdWeightTwoStage_Xdl_CShuffle::Argument is not allocated, use SetWorkSpacePointer.
Warning: Workspace for DeviceGroupedConvBwdWeightTwoStage_Xdl_CShuffle::Argument is not allocated, use SetWorkSpacePointer.
Warning: Workspace for DeviceGroupedConvBwdWeightTwoStage_Xdl_CShuffle::Argument is not allocated, use SetWorkSpacePointer.
Warning: Workspace for DeviceGroupedConvBwdWeightTwoStage_Xdl_CShuffle::Argument is not allocated, use SetWorkSpacePointer.
Warning: Workspace for DeviceGroupedConvBwdWeightTwoStage_Xdl_CShuffle::Argument is not allocated, use SetWorkSpacePointer.
Warning: Workspace for DeviceGroupedConvBwdWeightTwoStage_Xdl_CShuffle::Argument is not allocated, use SetWorkSpacePointer.
Warning: Workspace for DeviceGroupedConvBwdWeightTwoStage_Xdl_CShuffle::Argument is not allocated, use SetWorkSpacePointer.
Warning: Workspace for DeviceGroupedConvBwdWeightTwoStage_Xdl_CShuffle::Argument is not allocated, use SetWorkSpacePointer.
Warning: Workspace for DeviceGroupedConvBwdWeightTwoStage_Xdl_CShuffle::Argument is not allocated, use SetWorkSpacePointer.
Warning: Workspace for DeviceGroupedConvBwdWeightTwoStage_Xdl_CShuffle::Argument is not allocated, use SetWorkSpacePointer.
Warning: Workspace for DeviceGroupedConvBwdWeightTwoStage_Xdl_CShuffle::Argument is not allocated, use SetWorkSpacePointer.
Warning: Workspace for DeviceGroupedConvBwdWeightTwoStage_Xdl_CShuffle::Argument is not allocated, use SetWorkSpacePointer.
Warning: Workspace for DeviceGroupedConvBwdWeightTwoStage_Xdl_CShuffle::Argument is not allocated, use SetWorkSpacePointer.
Warning: Workspace for DeviceGroupedConvBwdWeightTwoStage_Xdl_CShuffle::Argument is not allocated, use SetWorkSpacePointer.
Warning: Workspace for DeviceGroupedConvBwdWeightTwoStage_Xdl_CShuffle::Argument is not allocated, use SetWorkSpacePointer.
Warning: Workspace for DeviceGroupedConvBwdWeightTwoStage_Xdl_CShuffle::Argument is not allocated, use SetWorkSpacePointer.
Warning: Workspace for DeviceGroupedConvBwdWeightTwoStage_Xdl_CShuffle::Argument is not allocated, use SetWorkSpacePointer.
Warning: Workspace for DeviceGroupedConvBwdWeightTwoStage_Xdl_CShuffle::Argument is not allocated, use SetWorkSpacePointer.
Warning: Workspace for DeviceGroupedConvBwdWeightTwoStage_Xdl_CShuffle::Argument is not allocated, use SetWorkSpacePointer.
Warning: Workspace for DeviceGroupedConvBwdWeightTwoStage_Xdl_CShuffle::Argument is not allocated, use SetWorkSpacePointer.
Warning: Workspace for DeviceGroupedConvBwdWeightTwoStage_Xdl_CShuffle::Argument is not allocated, use SetWorkSpacePointer.
Warning: Workspace for DeviceGroupedConvBwdWeightTwoStage_Xdl_CShuffle::Argument is not allocated, use SetWorkSpacePointer.
Warning: Workspace for DeviceGroupedConvBwdWeightTwoStage_Xdl_CShuffle::Argument is not allocated, use SetWorkSpacePointer.
Warning: Workspace for DeviceGroupedConvBwdWeightTwoStage_Xdl_CShuffle::Argument is not allocated, use SetWorkSpacePointer.
Warning: Workspace for DeviceGroupedConvBwdWeightTwoStage_Xdl_CShuffle::Argument is not allocated, use SetWorkSpacePointer.
Warning: Workspace for DeviceGroupedConvBwdWeightTwoStage_Xdl_CShuffle::Argument is not allocated, use SetWorkSpacePointer.
Warning: Workspace for DeviceGroupedConvBwdWeightTwoStage_Xdl_CShuffle::Argument is not allocated, use SetWorkSpacePointer.
Warning: Workspace for DeviceGroupedConvBwdWeightTwoStage_Xdl_CShuffle::Argument is not allocated, use SetWorkSpacePointer.
Warning: Workspace for DeviceGroupedConvBwdWeightTwoStage_Xdl_CShuffle::Argument is not allocated, use SetWorkSpacePointer.
Warning: Workspace for DeviceGroupedConvBwdWeightTwoStage_Xdl_CShuffle::Argument is not allocated, use SetWorkSpacePointer.
Warning: Workspace for DeviceGroupedConvBwdWeightTwoStage_Xdl_CShuffle::Argument is not allocated, use SetWorkSpacePointer.
Warning: Workspace for DeviceGroupedConvBwdWeightTwoStage_Xdl_CShuffle::Argument is not allocated, use SetWorkSpacePointer.
Warning: Workspace for DeviceGroupedConvBwdWeightTwoStage_Xdl_CShuffle::Argument is not allocated, use SetWorkSpacePointer.
Warning: Workspace for DeviceGroupedConvBwdWeightTwoStage_Xdl_CShuffle::Argument is not allocated, use SetWorkSpacePointer.
Warning: Workspace for DeviceGroupedConvBwdWeightTwoStage_Xdl_CShuffle::Argument is not allocated, use SetWorkSpacePointer.
Warning: Workspace for DeviceGroupedConvBwdWeightTwoStage_Xdl_CShuffle::Argument is not allocated, use SetWorkSpacePointer.
Warning: Workspace for DeviceGroupedConvBwdWeightTwoStage_Xdl_CShuffle::Argument is not allocated, use SetWorkSpacePointer.
Warning: Workspace for DeviceGroupedConvBwdWeightTwoStage_Xdl_CShuffle::Argument is not allocated, use SetWorkSpacePointer.
Warning: Workspace for DeviceGroupedConvBwdWeightTwoStage_Xdl_CShuffle::Argument is not allocated, use SetWorkSpacePointer.
Warning: Workspace for DeviceGroupedConvBwdWeightTwoStage_Xdl_CShuffle::Argument is not allocated, use SetWorkSpacePointer.
Warning: Workspace for DeviceGroupedConvBwdWeightTwoStage_Xdl_CShuffle::Argument is not allocated, use SetWorkSpacePointer.
Warning: Workspace for DeviceGroupedConvBwdWeightTwoStage_Xdl_CShuffle::Argument is not allocated, use SetWorkSpacePointer.
Warning: Workspace for DeviceGroupedConvBwdWeightTwoStage_Xdl_CShuffle::Argument is not allocated, use SetWorkSpacePointer.
Warning: Workspace for DeviceGroupedConvBwdWeightTwoStage_Xdl_CShuffle::Argument is not allocated, use SetWorkSpacePointer.
Warning: Workspace for DeviceGroupedConvBwdWeightTwoStage_Xdl_CShuffle::Argument is not allocated, use SetWorkSpacePointer.
Warning: Workspace for DeviceGroupedConvBwdWeightTwoStage_Xdl_CShuffle::Argument is not allocated, use SetWorkSpacePointer.
Warning: Workspace for DeviceGroupedConvBwdWeightTwoStage_Xdl_CShuffle::Argument is not allocated, use SetWorkSpacePointer.
Warning: Workspace for DeviceGroupedConvBwdWeightTwoStage_Xdl_CShuffle::Argument is not allocated, use SetWorkSpacePointer.
Warning: Workspace for DeviceGroupedConvBwdWeightTwoStage_Xdl_CShuffle::Argument is not allocated, use SetWorkSpacePointer.
Warning: Workspace for DeviceGroupedConvBwdWeightTwoStage_Xdl_CShuffle::Argument is not allocated, use SetWorkSpacePointer.
Warning: Workspace for DeviceGroupedConvBwdWeightTwoStage_Xdl_CShuffle::Argument is not allocated, use SetWorkSpacePointer.
Warning: Workspace for DeviceGroupedConvBwdWeightTwoStage_Xdl_CShuffle::Argument is not allocated, use SetWorkSpacePointer.
Warning: Workspace for DeviceGroupedConvBwdWeightTwoStage_Xdl_CShuffle::Argument is not allocated, use SetWorkSpacePointer.
Warning: Workspace for DeviceGroupedConvBwdWeightTwoStage_Xdl_CShuffle::Argument is not allocated, use SetWorkSpacePointer.
Warning: Workspace for DeviceGroupedConvBwdWeightTwoStage_Xdl_CShuffle::Argument is not allocated, use SetWorkSpacePointer.
Warning: Workspace for DeviceGroupedConvBwdWeightTwoStage_Xdl_CShuffle::Argument is not allocated, use SetWorkSpacePointer.
Warning: Workspace for DeviceGroupedConvBwdWeightTwoStage_Xdl_CShuffle::Argument is not allocated, use SetWorkSpacePointer.
Warning: Workspace for DeviceGroupedConvBwdWeightTwoStage_Xdl_CShuffle::Argument is not allocated, use SetWorkSpacePointer.
Warning: Workspace for DeviceGroupedConvBwdWeightTwoStage_Xdl_CShuffle::Argument is not allocated, use SetWorkSpacePointer.
Warning: Workspace for DeviceGroupedConvBwdWeightTwoStage_Xdl_CShuffle::Argument is not allocated, use SetWorkSpacePointer.
Warning: Workspace for DeviceGroupedConvBwdWeightTwoStage_Xdl_CShuffle::Argument is not allocated, use SetWorkSpacePointer.
Warning: Workspace for DeviceGroupedConvBwdWeightTwoStage_Xdl_CShuffle::Argument is not allocated, use SetWorkSpacePointer.
Warning: Workspace for DeviceGroupedConvBwdWeightTwoStage_Xdl_CShuffle::Argument is not allocated, use SetWorkSpacePointer.
Warning: Workspace for DeviceGroupedConvBwdWeightTwoStage_Xdl_CShuffle::Argument is not allocated, use SetWorkSpacePointer.
Warning: Workspace for DeviceGroupedConvBwdWeightTwoStage_Xdl_CShuffle::Argument is not allocated, use SetWorkSpacePointer.
Warning: Workspace for DeviceGroupedConvBwdWeightTwoStage_Xdl_CShuffle::Argument is not allocated, use SetWorkSpacePointer.
Warning: Workspace for DeviceGroupedConvBwdWeightTwoStage_Xdl_CShuffle::Argument is not allocated, use SetWorkSpacePointer.
Warning: Workspace for DeviceGroupedConvBwdWeightTwoStage_Xdl_CShuffle::Argument is not allocated, use SetWorkSpacePointer.
Warning: Workspace for DeviceGroupedConvBwdWeightTwoStage_Xdl_CShuffle::Argument is not allocated, use SetWorkSpacePointer.
Warning: Workspace for DeviceGroupedConvBwdWeightTwoStage_Xdl_CShuffle::Argument is not allocated, use SetWorkSpacePointer.
Warning: Workspace for DeviceGroupedConvBwdWeightTwoStage_Xdl_CShuffle::Argument is not allocated, use SetWorkSpacePointer.
Warning: Workspace for DeviceGroupedConvBwdWeightTwoStage_Xdl_CShuffle::Argument is not allocated, use SetWorkSpacePointer.
Warning: Workspace for DeviceGroupedConvBwdWeightTwoStage_Xdl_CShuffle::Argument is not allocated, use SetWorkSpacePointer.
Warning: Workspace for DeviceGroupedConvBwdWeightTwoStage_Xdl_CShuffle::Argument is not allocated, use SetWorkSpacePointer.
Warning: Workspace for DeviceGroupedConvBwdWeightTwoStage_Xdl_CShuffle::Argument is not allocated, use SetWorkSpacePointer.
Warning: Workspace for DeviceGroupedConvBwdWeightTwoStage_Xdl_CShuffle::Argument is not allocated, use SetWorkSpacePointer.
Warning: Workspace for DeviceGroupedConvBwdWeightTwoStage_Xdl_CShuffle::Argument is not allocated, use SetWorkSpacePointer.
Warning: Workspace for DeviceGroupedConvBwdWeightTwoStage_Xdl_CShuffle::Argument is not allocated, use SetWorkSpacePointer.
Warning: Workspace for DeviceGroupedConvBwdWeightTwoStage_Xdl_CShuffle::Argument is not allocated, use SetWorkSpacePointer.
Warning: Workspace for DeviceGroupedConvBwdWeightTwoStage_Xdl_CShuffle::Argument is not allocated, use SetWorkSpacePointer.
Warning: Workspace for DeviceGroupedConvBwdWeightTwoStage_Xdl_CShuffle::Argument is not allocated, use SetWorkSpacePointer.
Warning: Workspace for DeviceGroupedConvBwdWeightTwoStage_Xdl_CShuffle::Argument is not allocated, use SetWorkSpacePointer.
Warning: Workspace for DeviceGroupedConvBwdWeightTwoStage_Xdl_CShuffle::Argument is not allocated, use SetWorkSpacePointer.
Warning: Workspace for DeviceGroupedConvBwdWeightTwoStage_Xdl_CShuffle::Argument is not allocated, use SetWorkSpacePointer.
Warning: Workspace for DeviceGroupedConvBwdWeightTwoStage_Xdl_CShuffle::Argument is not allocated, use SetWorkSpacePointer.
Warning: Workspace for DeviceGroupedConvBwdWeightTwoStage_Xdl_CShuffle::Argument is not allocated, use SetWorkSpacePointer.
Warning: Workspace for DeviceGroupedConvBwdWeightTwoStage_Xdl_CShuffle::Argument is not allocated, use SetWorkSpacePointer.
Warning: Workspace for DeviceGroupedConvBwdWeightTwoStage_Xdl_CShuffle::Argument is not allocated, use SetWorkSpacePointer.
Warning: Workspace for DeviceGroupedConvBwdWeightTwoStage_Xdl_CShuffle::Argument is not allocated, use SetWorkSpacePointer.
Warning: Workspace for DeviceGroupedConvBwdWeightTwoStage_Xdl_CShuffle::Argument is not allocated, use SetWorkSpacePointer.
Warning: Workspace for DeviceGroupedConvBwdWeightTwoStage_Xdl_CShuffle::Argument is not allocated, use SetWorkSpacePointer.
Warning: Workspace for DeviceGroupedConvBwdWeightTwoStage_Xdl_CShuffle::Argument is not allocated, use SetWorkSpacePointer.
Warning: Workspace for DeviceGroupedConvBwdWeightTwoStage_Xdl_CShuffle::Argument is not allocated, use SetWorkSpacePointer.
Warning: Workspace for DeviceGroupedConvBwdWeightTwoStage_Xdl_CShuffle::Argument is not allocated, use SetWorkSpacePointer.
Warning: Workspace for DeviceGroupedConvBwdWeightTwoStage_Xdl_CShuffle::Argument is not allocated, use SetWorkSpacePointer.
Warning: Workspace for DeviceGroupedConvBwdWeightTwoStage_Xdl_CShuffle::Argument is not allocated, use SetWorkSpacePointer.
Warning: Workspace for DeviceGroupedConvBwdWeightTwoStage_Xdl_CShuffle::Argument is not allocated, use SetWorkSpacePointer.
Warning: Workspace for DeviceGroupedConvBwdWeightTwoStage_Xdl_CShuffle::Argument is not allocated, use SetWorkSpacePointer.
Warning: Workspace for DeviceGroupedConvBwdWeightTwoStage_Xdl_CShuffle::Argument is not allocated, use SetWorkSpacePointer.
Warning: Workspace for DeviceGroupedConvBwdWeightTwoStage_Xdl_CShuffle::Argument is not allocated, use SetWorkSpacePointer.
Warning: Workspace for DeviceGroupedConvBwdWeightTwoStage_Xdl_CShuffle::Argument is not allocated, use SetWorkSpacePointer.
Warning: Workspace for DeviceGroupedConvBwdWeightTwoStage_Xdl_CShuffle::Argument is not allocated, use SetWorkSpacePointer.
Warning: Workspace for DeviceGroupedConvBwdWeightTwoStage_Xdl_CShuffle::Argument is not allocated, use SetWorkSpacePointer.
Warning: Workspace for DeviceGroupedConvBwdWeightTwoStage_Xdl_CShuffle::Argument is not allocated, use SetWorkSpacePointer.
Warning: Workspace for DeviceGroupedConvBwdWeightTwoStage_Xdl_CShuffle::Argument is not allocated, use SetWorkSpacePointer.
Warning: Workspace for DeviceGroupedConvBwdWeightTwoStage_Xdl_CShuffle::Argument is not allocated, use SetWorkSpacePointer.
Warning: Workspace for DeviceGroupedConvBwdWeightTwoStage_Xdl_CShuffle::Argument is not allocated, use SetWorkSpacePointer.
Warning: Workspace for DeviceGroupedConvBwdWeightTwoStage_Xdl_CShuffle::Argument is not allocated, use SetWorkSpacePointer.
Warning: Workspace for DeviceGroupedConvBwdWeightTwoStage_Xdl_CShuffle::Argument is not allocated, use SetWorkSpacePointer.
Warning: Workspace for DeviceGroupedConvBwdWeightTwoStage_Xdl_CShuffle::Argument is not allocated, use SetWorkSpacePointer.
Warning: Workspace for DeviceGroupedConvBwdWeightTwoStage_Xdl_CShuffle::Argument is not allocated, use SetWorkSpacePointer.
Warning: Workspace for DeviceGroupedConvBwdWeightTwoStage_Xdl_CShuffle::Argument is not allocated, use SetWorkSpacePointer.
Warning: Workspace for DeviceGroupedConvBwdWeightTwoStage_Xdl_CShuffle::Argument is not allocated, use SetWorkSpacePointer.
Warning: Workspace for DeviceGroupedConvBwdWeightTwoStage_Xdl_CShuffle::Argument is not allocated, use SetWorkSpacePointer.
Warning: Workspace for DeviceGroupedConvBwdWeightTwoStage_Xdl_CShuffle::Argument is not allocated, use SetWorkSpacePointer.
Warning: Workspace for DeviceGroupedConvBwdWeightTwoStage_Xdl_CShuffle::Argument is not allocated, use SetWorkSpacePointer.
Warning: Workspace for DeviceGroupedConvBwdWeightTwoStage_Xdl_CShuffle::Argument is not allocated, use SetWorkSpacePointer.
Warning: Workspace for DeviceGroupedConvBwdWeightTwoStage_Xdl_CShuffle::Argument is not allocated, use SetWorkSpacePointer.
Warning: Workspace for DeviceGroupedConvBwdWeightTwoStage_Xdl_CShuffle::Argument is not allocated, use SetWorkSpacePointer.
Warning: Workspace for DeviceGroupedConvBwdWeightTwoStage_Xdl_CShuffle::Argument is not allocated, use SetWorkSpacePointer.
Warning: Workspace for DeviceGroupedConvBwdWeightTwoStage_Xdl_CShuffle::Argument is not allocated, use SetWorkSpacePointer.
Warning: Workspace for DeviceGroupedConvBwdWeightTwoStage_Xdl_CShuffle::Argument is not allocated, use SetWorkSpacePointer.
Warning: Workspace for DeviceGroupedConvBwdWeightTwoStage_Xdl_CShuffle::Argument is not allocated, use SetWorkSpacePointer.
Warning: Workspace for DeviceGroupedConvBwdWeightTwoStage_Xdl_CShuffle::Argument is not allocated, use SetWorkSpacePointer.
Warning: Workspace for DeviceGroupedConvBwdWeightTwoStage_Xdl_CShuffle::Argument is not allocated, use SetWorkSpacePointer.
Warning: Workspace for DeviceGroupedConvBwdWeightTwoStage_Xdl_CShuffle::Argument is not allocated, use SetWorkSpacePointer.
Warning: Workspace for DeviceGroupedConvBwdWeightTwoStage_Xdl_CShuffle::Argument is not allocated, use SetWorkSpacePointer.
Warning: Workspace for DeviceGroupedConvBwdWeightTwoStage_Xdl_CShuffle::Argument is not allocated, use SetWorkSpacePointer.
Warning: Workspace for DeviceGroupedConvBwdWeightTwoStage_Xdl_CShuffle::Argument is not allocated, use SetWorkSpacePointer.
Warning: Workspace for DeviceGroupedConvBwdWeightTwoStage_Xdl_CShuffle::Argument is not allocated, use SetWorkSpacePointer.
Warning: Workspace for DeviceGroupedConvBwdWeightTwoStage_Xdl_CShuffle::Argument is not allocated, use SetWorkSpacePointer.
Warning: Workspace for DeviceGroupedConvBwdWeightTwoStage_Xdl_CShuffle::Argument is not allocated, use SetWorkSpacePointer.
Warning: Workspace for DeviceGroupedConvBwdWeightTwoStage_Xdl_CShuffle::Argument is not allocated, use SetWorkSpacePointer.
Warning: Workspace for DeviceGroupedConvBwdWeightTwoStage_Xdl_CShuffle::Argument is not allocated, use SetWorkSpacePointer.
Warning: Workspace for DeviceGroupedConvBwdWeightTwoStage_Xdl_CShuffle::Argument is not allocated, use SetWorkSpacePointer.
Warning: Workspace for DeviceGroupedConvBwdWeightTwoStage_Xdl_CShuffle::Argument is not allocated, use SetWorkSpacePointer.
Warning: Workspace for DeviceGroupedConvBwdWeightTwoStage_Xdl_CShuffle::Argument is not allocated, use SetWorkSpacePointer.
Warning: Workspace for DeviceGroupedConvBwdWeightTwoStage_Xdl_CShuffle::Argument is not allocated, use SetWorkSpacePointer.
Warning: Workspace for DeviceGroupedConvBwdWeightTwoStage_Xdl_CShuffle::Argument is not allocated, use SetWorkSpacePointer.
Warning: Workspace for DeviceGroupedConvBwdWeightTwoStage_Xdl_CShuffle::Argument is not allocated, use SetWorkSpacePointer.
Warning: Workspace for DeviceGroupedConvBwdWeightTwoStage_Xdl_CShuffle::Argument is not allocated, use SetWorkSpacePointer.
Warning: Workspace for DeviceGroupedConvBwdWeightTwoStage_Xdl_CShuffle::Argument is not allocated, use SetWorkSpacePointer.
Warning: Workspace for DeviceGroupedConvBwdWeightTwoStage_Xdl_CShuffle::Argument is not allocated, use SetWorkSpacePointer.
Warning: Workspace for DeviceGroupedConvBwdWeightTwoStage_Xdl_CShuffle::Argument is not allocated, use SetWorkSpacePointer.
Warning: Workspace for DeviceGroupedConvBwdWeightTwoStage_Xdl_CShuffle::Argument is not allocated, use SetWorkSpacePointer.
Warning: Workspace for DeviceGroupedConvBwdWeightTwoStage_Xdl_CShuffle::Argument is not allocated, use SetWorkSpacePointer.
Warning: Workspace for DeviceGroupedConvBwdWeightTwoStage_Xdl_CShuffle::Argument is not allocated, use SetWorkSpacePointer.
Warning: Workspace for DeviceGroupedConvBwdWeightTwoStage_Xdl_CShuffle::Argument is not allocated, use SetWorkSpacePointer.
Warning: Workspace for DeviceGroupedConvBwdWeightTwoStage_Xdl_CShuffle::Argument is not allocated, use SetWorkSpacePointer.
Warning: Workspace for DeviceGroupedConvBwdWeightTwoStage_Xdl_CShuffle::Argument is not allocated, use SetWorkSpacePointer.
Warning: Workspace for DeviceGroupedConvBwdWeightTwoStage_Xdl_CShuffle::Argument is not allocated, use SetWorkSpacePointer.
Warning: Workspace for DeviceGroupedConvBwdWeightTwoStage_Xdl_CShuffle::Argument is not allocated, use SetWorkSpacePointer.
Warning: Workspace for DeviceGroupedConvBwdWeightTwoStage_Xdl_CShuffle::Argument is not allocated, use SetWorkSpacePointer.
Warning: Workspace for DeviceGroupedConvBwdWeightTwoStage_Xdl_CShuffle::Argument is not allocated, use SetWorkSpacePointer.
Warning: Workspace for DeviceGroupedConvBwdWeightTwoStage_Xdl_CShuffle::Argument is not allocated, use SetWorkSpacePointer.
Warning: Workspace for DeviceGroupedConvBwdWeightTwoStage_Xdl_CShuffle::Argument is not allocated, use SetWorkSpacePointer.
Warning: Workspace for DeviceGroupedConvBwdWeightTwoStage_Xdl_CShuffle::Argument is not allocated, use SetWorkSpacePointer.
Warning: Workspace for DeviceGroupedConvBwdWeightTwoStage_Xdl_CShuffle::Argument is not allocated, use SetWorkSpacePointer.
Warning: Workspace for DeviceGroupedConvBwdWeightTwoStage_Xdl_CShuffle::Argument is not allocated, use SetWorkSpacePointer.
Warning: Workspace for DeviceGroupedConvBwdWeightTwoStage_Xdl_CShuffle::Argument is not allocated, use SetWorkSpacePointer.
Warning: Workspace for DeviceGroupedConvBwdWeightTwoStage_Xdl_CShuffle::Argument is not allocated, use SetWorkSpacePointer.
Warning: Workspace for DeviceGroupedConvBwdWeightTwoStage_Xdl_CShuffle::Argument is not allocated, use SetWorkSpacePointer.
Warning: Workspace for DeviceGroupedConvBwdWeightTwoStage_Xdl_CShuffle::Argument is not allocated, use SetWorkSpacePointer.
Warning: Workspace for DeviceGroupedConvBwdWeightTwoStage_Xdl_CShuffle::Argument is not allocated, use SetWorkSpacePointer.
Warning: Workspace for DeviceGroupedConvBwdWeightTwoStage_Xdl_CShuffle::Argument is not allocated, use SetWorkSpacePointer.
Warning: Workspace for DeviceGroupedConvBwdWeightTwoStage_Xdl_CShuffle::Argument is not allocated, use SetWorkSpacePointer.
Warning: Workspace for DeviceGroupedConvBwdWeightTwoStage_Xdl_CShuffle::Argument is not allocated, use SetWorkSpacePointer.
Warning: Workspace for DeviceGroupedConvBwdWeightTwoStage_Xdl_CShuffle::Argument is not allocated, use SetWorkSpacePointer.
Warning: Workspace for DeviceGroupedConvBwdWeightTwoStage_Xdl_CShuffle::Argument is not allocated, use SetWorkSpacePointer.
Warning: Workspace for DeviceGroupedConvBwdWeightTwoStage_Xdl_CShuffle::Argument is not allocated, use SetWorkSpacePointer.
Warning: Workspace for DeviceGroupedConvBwdWeightTwoStage_Xdl_CShuffle::Argument is not allocated, use SetWorkSpacePointer.
Warning: Workspace for DeviceGroupedConvBwdWeightTwoStage_Xdl_CShuffle::Argument is not allocated, use SetWorkSpacePointer.
Warning: Workspace for DeviceGroupedConvBwdWeightTwoStage_Xdl_CShuffle::Argument is not allocated, use SetWorkSpacePointer.
Warning: Workspace for DeviceGroupedConvBwdWeightTwoStage_Xdl_CShuffle::Argument is not allocated, use SetWorkSpacePointer.
Warning: Workspace for DeviceGroupedConvBwdWeightTwoStage_Xdl_CShuffle::Argument is not allocated, use SetWorkSpacePointer.
Warning: Workspace for DeviceGroupedConvBwdWeightTwoStage_Xdl_CShuffle::Argument is not allocated, use SetWorkSpacePointer.
Warning: Workspace for DeviceGroupedConvBwdWeightTwoStage_Xdl_CShuffle::Argument is not allocated, use SetWorkSpacePointer.
Warning: Workspace for DeviceGroupedConvBwdWeightTwoStage_Xdl_CShuffle::Argument is not allocated, use SetWorkSpacePointer.
Warning: Workspace for DeviceGroupedConvBwdWeightTwoStage_Xdl_CShuffle::Argument is not allocated, use SetWorkSpacePointer.
Warning: Workspace for DeviceGroupedConvBwdWeightTwoStage_Xdl_CShuffle::Argument is not allocated, use SetWorkSpacePointer.
Warning: Workspace for DeviceGroupedConvBwdWeightTwoStage_Xdl_CShuffle::Argument is not allocated, use SetWorkSpacePointer.
Warning: Workspace for DeviceGroupedConvBwdWeightTwoStage_Xdl_CShuffle::Argument is not allocated, use SetWorkSpacePointer.
Warning: Workspace for DeviceGroupedConvBwdWeightTwoStage_Xdl_CShuffle::Argument is not allocated, use SetWorkSpacePointer.
Warning: Workspace for DeviceGroupedConvBwdWeightTwoStage_Xdl_CShuffle::Argument is not allocated, use SetWorkSpacePointer.
Warning: Workspace for DeviceGroupedConvBwdWeightTwoStage_Xdl_CShuffle::Argument is not allocated, use SetWorkSpacePointer.
Warning: Workspace for DeviceGroupedConvBwdWeightTwoStage_Xdl_CShuffle::Argument is not allocated, use SetWorkSpacePointer.
Warning: Workspace for DeviceGroupedConvBwdWeightTwoStage_Xdl_CShuffle::Argument is not allocated, use SetWorkSpacePointer.
Warning: Workspace for DeviceGroupedConvBwdWeightTwoStage_Xdl_CShuffle::Argument is not allocated, use SetWorkSpacePointer.
Warning: Workspace for DeviceGroupedConvBwdWeightTwoStage_Xdl_CShuffle::Argument is not allocated, use SetWorkSpacePointer.
Warning: Workspace for DeviceGroupedConvBwdWeightTwoStage_Xdl_CShuffle::Argument is not allocated, use SetWorkSpacePointer.
Warning: Workspace for DeviceGroupedConvBwdWeightTwoStage_Xdl_CShuffle::Argument is not allocated, use SetWorkSpacePointer.
Warning: Workspace for DeviceGroupedConvBwdWeightTwoStage_Xdl_CShuffle::Argument is not allocated, use SetWorkSpacePointer.
Warning: Workspace for DeviceGroupedConvBwdWeightTwoStage_Xdl_CShuffle::Argument is not allocated, use SetWorkSpacePointer.
Warning: Workspace for DeviceGroupedConvBwdWeightTwoStage_Xdl_CShuffle::Argument is not allocated, use SetWorkSpacePointer.
Warning: Workspace for DeviceGroupedConvBwdWeightTwoStage_Xdl_CShuffle::Argument is not allocated, use SetWorkSpacePointer.
Warning: Workspace for DeviceGroupedConvBwdWeightTwoStage_Xdl_CShuffle::Argument is not allocated, use SetWorkSpacePointer.
Warning: Workspace for DeviceGroupedConvBwdWeightTwoStage_Xdl_CShuffle::Argument is not allocated, use SetWorkSpacePointer.
Warning: Workspace for DeviceGroupedConvBwdWeightTwoStage_Xdl_CShuffle::Argument is not allocated, use SetWorkSpacePointer.
Warning: Workspace for DeviceGroupedConvBwdWeightTwoStage_Xdl_CShuffle::Argument is not allocated, use SetWorkSpacePointer.
Warning: Workspace for DeviceGroupedConvBwdWeightTwoStage_Xdl_CShuffle::Argument is not allocated, use SetWorkSpacePointer.
Warning: Workspace for DeviceGroupedConvBwdWeightTwoStage_Xdl_CShuffle::Argument is not allocated, use SetWorkSpacePointer.
Warning: Workspace for DeviceGroupedConvBwdWeightTwoStage_Xdl_CShuffle::Argument is not allocated, use SetWorkSpacePointer.
Warning: Workspace for DeviceGroupedConvBwdWeightTwoStage_Xdl_CShuffle::Argument is not allocated, use SetWorkSpacePointer.
Warning: Workspace for DeviceGroupedConvBwdWeightTwoStage_Xdl_CShuffle::Argument is not allocated, use SetWorkSpacePointer.
Warning: Workspace for DeviceGroupedConvBwdWeightTwoStage_Xdl_CShuffle::Argument is not allocated, use SetWorkSpacePointer.
Warning: Workspace for DeviceGroupedConvBwdWeightTwoStage_Xdl_CShuffle::Argument is not allocated, use SetWorkSpacePointer.
Warning: Workspace for DeviceGroupedConvBwdWeightTwoStage_Xdl_CShuffle::Argument is not allocated, use SetWorkSpacePointer.
Warning: Workspace for DeviceGroupedConvBwdWeightTwoStage_Xdl_CShuffle::Argument is not allocated, use SetWorkSpacePointer.
Warning: Workspace for DeviceGroupedConvBwdWeightTwoStage_Xdl_CShuffle::Argument is not allocated, use SetWorkSpacePointer.
Warning: Workspace for DeviceGroupedConvBwdWeightTwoStage_Xdl_CShuffle::Argument is not allocated, use SetWorkSpacePointer.
Warning: Workspace for DeviceGroupedConvBwdWeightTwoStage_Xdl_CShuffle::Argument is not allocated, use SetWorkSpacePointer.
Warning: Workspace for DeviceGroupedConvBwdWeightTwoStage_Xdl_CShuffle::Argument is not allocated, use SetWorkSpacePointer.
Warning: Workspace for DeviceGroupedConvBwdWeightTwoStage_Xdl_CShuffle::Argument is not allocated, use SetWorkSpacePointer.
Warning: Workspace for DeviceGroupedConvBwdWeightTwoStage_Xdl_CShuffle::Argument is not allocated, use SetWorkSpacePointer.
Warning: Workspace for DeviceGroupedConvBwdWeightTwoStage_Xdl_CShuffle::Argument is not allocated, use SetWorkSpacePointer.
Warning: Workspace for DeviceGroupedConvBwdWeightTwoStage_Xdl_CShuffle::Argument is not allocated, use SetWorkSpacePointer.
Warning: Workspace for DeviceGroupedConvBwdWeightTwoStage_Xdl_CShuffle::Argument is not allocated, use SetWorkSpacePointer.
Warning: Workspace for DeviceGroupedConvBwdWeightTwoStage_Xdl_CShuffle::Argument is not allocated, use SetWorkSpacePointer.
Warning: Workspace for DeviceGroupedConvBwdWeightTwoStage_Xdl_CShuffle::Argument is not allocated, use SetWorkSpacePointer.
Warning: Workspace for DeviceGroupedConvBwdWeightTwoStage_Xdl_CShuffle::Argument is not allocated, use SetWorkSpacePointer.
Warning: Workspace for DeviceGroupedConvBwdWeightTwoStage_Xdl_CShuffle::Argument is not allocated, use SetWorkSpacePointer.
Warning: Workspace for DeviceGroupedConvBwdWeightTwoStage_Xdl_CShuffle::Argument is not allocated, use SetWorkSpacePointer.
Warning: Workspace for DeviceGroupedConvBwdWeightTwoStage_Xdl_CShuffle::Argument is not allocated, use SetWorkSpacePointer.
Warning: Workspace for DeviceGroupedConvBwdWeightTwoStage_Xdl_CShuffle::Argument is not allocated, use SetWorkSpacePointer.
Warning: Workspace for DeviceGroupedConvBwdWeightTwoStage_Xdl_CShuffle::Argument is not allocated, use SetWorkSpacePointer.
Warning: Workspace for DeviceGroupedConvBwdWeightTwoStage_Xdl_CShuffle::Argument is not allocated, use SetWorkSpacePointer.
Warning: Workspace for DeviceGroupedConvBwdWeightTwoStage_Xdl_CShuffle::Argument is not allocated, use SetWorkSpacePointer.
Warning: Workspace for DeviceGroupedConvBwdWeightTwoStage_Xdl_CShuffle::Argument is not allocated, use SetWorkSpacePointer.
Warning: Workspace for DeviceGroupedConvBwdWeightTwoStage_Xdl_CShuffle::Argument is not allocated, use SetWorkSpacePointer.
Warning: Workspace for DeviceGroupedConvBwdWeightTwoStage_Xdl_CShuffle::Argument is not allocated, use SetWorkSpacePointer.
Warning: Workspace for DeviceGroupedConvBwdWeightTwoStage_Xdl_CShuffle::Argument is not allocated, use SetWorkSpacePointer.
Warning: Workspace for DeviceGroupedConvBwdWeightTwoStage_Xdl_CShuffle::Argument is not allocated, use SetWorkSpacePointer.
Warning: Workspace for DeviceGroupedConvBwdWeightTwoStage_Xdl_CShuffle::Argument is not allocated, use SetWorkSpacePointer.
Warning: Workspace for DeviceGroupedConvBwdWeightTwoStage_Xdl_CShuffle::Argument is not allocated, use SetWorkSpacePointer.
Warning: Workspace for DeviceGroupedConvBwdWeightTwoStage_Xdl_CShuffle::Argument is not allocated, use SetWorkSpacePointer.
Warning: Workspace for DeviceGroupedConvBwdWeightTwoStage_Xdl_CShuffle::Argument is not allocated, use SetWorkSpacePointer.
Warning: Workspace for DeviceGroupedConvBwdWeightTwoStage_Xdl_CShuffle::Argument is not allocated, use SetWorkSpacePointer.
Warning: Workspace for DeviceGroupedConvBwdWeightTwoStage_Xdl_CShuffle::Argument is not allocated, use SetWorkSpacePointer.
Warning: Workspace for DeviceGroupedConvBwdWeightTwoStage_Xdl_CShuffle::Argument is not allocated, use SetWorkSpacePointer.
Warning: Workspace for DeviceGroupedConvBwdWeightTwoStage_Xdl_CShuffle::Argument is not allocated, use SetWorkSpacePointer.
Warning: Workspace for DeviceGroupedConvBwdWeightTwoStage_Xdl_CShuffle::Argument is not allocated, use SetWorkSpacePointer.
Warning: Workspace for DeviceGroupedConvBwdWeightTwoStage_Xdl_CShuffle::Argument is not allocated, use SetWorkSpacePointer.
Warning: Workspace for DeviceGroupedConvBwdWeightTwoStage_Xdl_CShuffle::Argument is not allocated, use SetWorkSpacePointer.
Warning: Workspace for DeviceGroupedConvBwdWeightTwoStage_Xdl_CShuffle::Argument is not allocated, use SetWorkSpacePointer.
Warning: Workspace for DeviceGroupedConvBwdWeightTwoStage_Xdl_CShuffle::Argument is not allocated, use SetWorkSpacePointer.
Warning: Workspace for DeviceGroupedConvBwdWeightTwoStage_Xdl_CShuffle::Argument is not allocated, use SetWorkSpacePointer.
Warning: Workspace for DeviceGroupedConvBwdWeightTwoStage_Xdl_CShuffle::Argument is not allocated, use SetWorkSpacePointer.
Warning: Workspace for DeviceGroupedConvBwdWeightTwoStage_Xdl_CShuffle::Argument is not allocated, use SetWorkSpacePointer.
Warning: Workspace for DeviceGroupedConvBwdWeightTwoStage_Xdl_CShuffle::Argument is not allocated, use SetWorkSpacePointer.
Warning: Workspace for DeviceGroupedConvBwdWeightTwoStage_Xdl_CShuffle::Argument is not allocated, use SetWorkSpacePointer.
Warning: Workspace for DeviceGroupedConvBwdWeightTwoStage_Xdl_CShuffle::Argument is not allocated, use SetWorkSpacePointer.
Warning: Workspace for DeviceGroupedConvBwdWeightTwoStage_Xdl_CShuffle::Argument is not allocated, use SetWorkSpacePointer.
Warning: Workspace for DeviceGroupedConvBwdWeightTwoStage_Xdl_CShuffle::Argument is not allocated, use SetWorkSpacePointer.
Warning: Workspace for DeviceGroupedConvBwdWeightTwoStage_Xdl_CShuffle::Argument is not allocated, use SetWorkSpacePointer.
Warning: Workspace for DeviceGroupedConvBwdWeightTwoStage_Xdl_CShuffle::Argument is not allocated, use SetWorkSpacePointer.
Warning: Workspace for DeviceGroupedConvBwdWeightTwoStage_Xdl_CShuffle::Argument is not allocated, use SetWorkSpacePointer.
Warning: Workspace for DeviceGroupedConvBwdWeightTwoStage_Xdl_CShuffle::Argument is not allocated, use SetWorkSpacePointer.
Warning: Workspace for DeviceGroupedConvBwdWeightTwoStage_Xdl_CShuffle::Argument is not allocated, use SetWorkSpacePointer.
Warning: Workspace for DeviceGroupedConvBwdWeightTwoStage_Xdl_CShuffle::Argument is not allocated, use SetWorkSpacePointer.
Warning: Workspace for DeviceGroupedConvBwdWeightTwoStage_Xdl_CShuffle::Argument is not allocated, use SetWorkSpacePointer.
Warning: Workspace for DeviceGroupedConvBwdWeightTwoStage_Xdl_CShuffle::Argument is not allocated, use SetWorkSpacePointer.
Warning: Workspace for DeviceGroupedConvBwdWeightTwoStage_Xdl_CShuffle::Argument is not allocated, use SetWorkSpacePointer.
Warning: Workspace for DeviceGroupedConvBwdWeightTwoStage_Xdl_CShuffle::Argument is not allocated, use SetWorkSpacePointer.
Warning: Workspace for DeviceGroupedConvBwdWeightTwoStage_Xdl_CShuffle::Argument is not allocated, use SetWorkSpacePointer.
Warning: Workspace for DeviceGroupedConvBwdWeightTwoStage_Xdl_CShuffle::Argument is not allocated, use SetWorkSpacePointer.
Warning: Workspace for DeviceGroupedConvBwdWeightTwoStage_Xdl_CShuffle::Argument is not allocated, use SetWorkSpacePointer.
Warning: Workspace for DeviceGroupedConvBwdWeightTwoStage_Xdl_CShuffle::Argument is not allocated, use SetWorkSpacePointer.
Warning: Workspace for DeviceGroupedConvBwdWeightTwoStage_Xdl_CShuffle::Argument is not allocated, use SetWorkSpacePointer.
Warning: Workspace for DeviceGroupedConvBwdWeightTwoStage_Xdl_CShuffle::Argument is not allocated, use SetWorkSpacePointer.
Warning: Workspace for DeviceGroupedConvBwdWeightTwoStage_Xdl_CShuffle::Argument is not allocated, use SetWorkSpacePointer.
Warning: Workspace for DeviceGroupedConvBwdWeightTwoStage_Xdl_CShuffle::Argument is not allocated, use SetWorkSpacePointer.
Warning: Workspace for DeviceGroupedConvBwdWeightTwoStage_Xdl_CShuffle::Argument is not allocated, use SetWorkSpacePointer.
Warning: Workspace for DeviceGroupedConvBwdWeightTwoStage_Xdl_CShuffle::Argument is not allocated, use SetWorkSpacePointer.
Warning: Workspace for DeviceGroupedConvBwdWeightTwoStage_Xdl_CShuffle::Argument is not allocated, use SetWorkSpacePointer.
Warning: Workspace for DeviceGroupedConvBwdWeightTwoStage_Xdl_CShuffle::Argument is not allocated, use SetWorkSpacePointer.
Warning: Workspace for DeviceGroupedConvBwdWeightTwoStage_Xdl_CShuffle::Argument is not allocated, use SetWorkSpacePointer.
Warning: Workspace for DeviceGroupedConvBwdWeightTwoStage_Xdl_CShuffle::Argument is not allocated, use SetWorkSpacePointer.
Warning: Workspace for DeviceGroupedConvBwdWeightTwoStage_Xdl_CShuffle::Argument is not allocated, use SetWorkSpacePointer.
Warning: Workspace for DeviceGroupedConvBwdWeightTwoStage_Xdl_CShuffle::Argument is not allocated, use SetWorkSpacePointer.
Warning: Workspace for DeviceGroupedConvBwdWeightTwoStage_Xdl_CShuffle::Argument is not allocated, use SetWorkSpacePointer.
Warning: Workspace for DeviceGroupedConvBwdWeightTwoStage_Xdl_CShuffle::Argument is not allocated, use SetWorkSpacePointer.
Warning: Workspace for DeviceGroupedConvBwdWeightTwoStage_Xdl_CShuffle::Argument is not allocated, use SetWorkSpacePointer.
Warning: Workspace for DeviceGroupedConvBwdWeightTwoStage_Xdl_CShuffle::Argument is not allocated, use SetWorkSpacePointer.
Warning: Workspace for DeviceGroupedConvBwdWeightTwoStage_Xdl_CShuffle::Argument is not allocated, use SetWorkSpacePointer.
Warning: Workspace for DeviceGroupedConvBwdWeightTwoStage_Xdl_CShuffle::Argument is not allocated, use SetWorkSpacePointer.
Warning: Workspace for DeviceGroupedConvBwdWeightTwoStage_Xdl_CShuffle::Argument is not allocated, use SetWorkSpacePointer.
Warning: Workspace for DeviceGroupedConvBwdWeightTwoStage_Xdl_CShuffle::Argument is not allocated, use SetWorkSpacePointer.
Warning: Workspace for DeviceGroupedConvBwdWeightTwoStage_Xdl_CShuffle::Argument is not allocated, use SetWorkSpacePointer.
Warning: Workspace for DeviceGroupedConvBwdWeightTwoStage_Xdl_CShuffle::Argument is not allocated, use SetWorkSpacePointer.
Warning: Workspace for DeviceGroupedConvBwdWeightTwoStage_Xdl_CShuffle::Argument is not allocated, use SetWorkSpacePointer.
Warning: Workspace for DeviceGroupedConvBwdWeightTwoStage_Xdl_CShuffle::Argument is not allocated, use SetWorkSpacePointer.
Warning: Workspace for DeviceGroupedConvBwdWeightTwoStage_Xdl_CShuffle::Argument is not allocated, use SetWorkSpacePointer.
Warning: Workspace for DeviceGroupedConvBwdWeightTwoStage_Xdl_CShuffle::Argument is not allocated, use SetWorkSpacePointer.
Warning: Workspace for DeviceGroupedConvBwdWeightTwoStage_Xdl_CShuffle::Argument is not allocated, use SetWorkSpacePointer.
Warning: Workspace for DeviceGroupedConvBwdWeightTwoStage_Xdl_CShuffle::Argument is not allocated, use SetWorkSpacePointer.
Warning: Workspace for DeviceGroupedConvBwdWeightTwoStage_Xdl_CShuffle::Argument is not allocated, use SetWorkSpacePointer.
Warning: Workspace for DeviceGroupedConvBwdWeightTwoStage_Xdl_CShuffle::Argument is not allocated, use SetWorkSpacePointer.
Warning: Workspace for DeviceGroupedConvBwdWeightTwoStage_Xdl_CShuffle::Argument is not allocated, use SetWorkSpacePointer.
Warning: Workspace for DeviceGroupedConvBwdWeightTwoStage_Xdl_CShuffle::Argument is not allocated, use SetWorkSpacePointer.
Warning: Workspace for DeviceGroupedConvBwdWeightTwoStage_Xdl_CShuffle::Argument is not allocated, use SetWorkSpacePointer.
Warning: Workspace for DeviceGroupedConvBwdWeightTwoStage_Xdl_CShuffle::Argument is not allocated, use SetWorkSpacePointer.
Warning: Workspace for DeviceGroupedConvBwdWeightTwoStage_Xdl_CShuffle::Argument is not allocated, use SetWorkSpacePointer.
Warning: Workspace for DeviceGroupedConvBwdWeightTwoStage_Xdl_CShuffle::Argument is not allocated, use SetWorkSpacePointer.
Warning: Workspace for DeviceGroupedConvBwdWeightTwoStage_Xdl_CShuffle::Argument is not allocated, use SetWorkSpacePointer.
Warning: Workspace for DeviceGroupedConvBwdWeightTwoStage_Xdl_CShuffle::Argument is not allocated, use SetWorkSpacePointer.
Warning: Workspace for DeviceGroupedConvBwdWeightTwoStage_Xdl_CShuffle::Argument is not allocated, use SetWorkSpacePointer.
Warning: Workspace for DeviceGroupedConvBwdWeightTwoStage_Xdl_CShuffle::Argument is not allocated, use SetWorkSpacePointer.
Warning: Workspace for DeviceGroupedConvBwdWeightTwoStage_Xdl_CShuffle::Argument is not allocated, use SetWorkSpacePointer.
Warning: Workspace for DeviceGroupedConvBwdWeightTwoStage_Xdl_CShuffle::Argument is not allocated, use SetWorkSpacePointer.
Warning: Workspace for DeviceGroupedConvBwdWeightTwoStage_Xdl_CShuffle::Argument is not allocated, use SetWorkSpacePointer.
Warning: Workspace for DeviceGroupedConvBwdWeightTwoStage_Xdl_CShuffle::Argument is not allocated, use SetWorkSpacePointer.
Warning: Workspace for DeviceGroupedConvBwdWeightTwoStage_Xdl_CShuffle::Argument is not allocated, use SetWorkSpacePointer.
Warning: Workspace for DeviceGroupedConvBwdWeightTwoStage_Xdl_CShuffle::Argument is not allocated, use SetWorkSpacePointer.
Warning: Workspace for DeviceGroupedConvBwdWeightTwoStage_Xdl_CShuffle::Argument is not allocated, use SetWorkSpacePointer.
Warning: Workspace for DeviceGroupedConvBwdWeightTwoStage_Xdl_CShuffle::Argument is not allocated, use SetWorkSpacePointer.
Warning: Workspace for DeviceGroupedConvBwdWeightTwoStage_Xdl_CShuffle::Argument is not allocated, use SetWorkSpacePointer.
Warning: Workspace for DeviceGroupedConvBwdWeightTwoStage_Xdl_CShuffle::Argument is not allocated, use SetWorkSpacePointer.
Warning: Workspace for DeviceGroupedConvBwdWeightTwoStage_Xdl_CShuffle::Argument is not allocated, use SetWorkSpacePointer.
Warning: Workspace for DeviceGroupedConvBwdWeightTwoStage_Xdl_CShuffle::Argument is not allocated, use SetWorkSpacePointer.
Warning: Workspace for DeviceGroupedConvBwdWeightTwoStage_Xdl_CShuffle::Argument is not allocated, use SetWorkSpacePointer.
Warning: Workspace for DeviceGroupedConvBwdWeightTwoStage_Xdl_CShuffle::Argument is not allocated, use SetWorkSpacePointer.
Warning: Workspace for DeviceGroupedConvBwdWeightTwoStage_Xdl_CShuffle::Argument is not allocated, use SetWorkSpacePointer.
Warning: Workspace for DeviceGroupedConvBwdWeightTwoStage_Xdl_CShuffle::Argument is not allocated, use SetWorkSpacePointer.
Warning: Workspace for DeviceGroupedConvBwdWeightTwoStage_Xdl_CShuffle::Argument is not allocated, use SetWorkSpacePointer.
Warning: Workspace for DeviceGroupedConvBwdWeightTwoStage_Xdl_CShuffle::Argument is not allocated, use SetWorkSpacePointer.
Warning: Workspace for DeviceGroupedConvBwdWeightTwoStage_Xdl_CShuffle::Argument is not allocated, use SetWorkSpacePointer.
Warning: Workspace for DeviceGroupedConvBwdWeightTwoStage_Xdl_CShuffle::Argument is not allocated, use SetWorkSpacePointer.
Warning: Workspace for DeviceGroupedConvBwdWeightTwoStage_Xdl_CShuffle::Argument is not allocated, use SetWorkSpacePointer.
Warning: Workspace for DeviceGroupedConvBwdWeightTwoStage_Xdl_CShuffle::Argument is not allocated, use SetWorkSpacePointer.
Warning: Workspace for DeviceGroupedConvBwdWeightTwoStage_Xdl_CShuffle::Argument is not allocated, use SetWorkSpacePointer.
Warning: Workspace for DeviceGroupedConvBwdWeightTwoStage_Xdl_CShuffle::Argument is not allocated, use SetWorkSpacePointer.
Warning: Workspace for DeviceGroupedConvBwdWeightTwoStage_Xdl_CShuffle::Argument is not allocated, use SetWorkSpacePointer.
Warning: Workspace for DeviceGroupedConvBwdWeightTwoStage_Xdl_CShuffle::Argument is not allocated, use SetWorkSpacePointer.
Warning: Workspace for DeviceGroupedConvBwdWeightTwoStage_Xdl_CShuffle::Argument is not allocated, use SetWorkSpacePointer.
Warning: Workspace for DeviceGroupedConvBwdWeightTwoStage_Xdl_CShuffle::Argument is not allocated, use SetWorkSpacePointer.
Warning: Workspace for DeviceGroupedConvBwdWeightTwoStage_Xdl_CShuffle::Argument is not allocated, use SetWorkSpacePointer.
Warning: Workspace for DeviceGroupedConvBwdWeightTwoStage_Xdl_CShuffle::Argument is not allocated, use SetWorkSpacePointer.
Warning: Workspace for DeviceGroupedConvBwdWeightTwoStage_Xdl_CShuffle::Argument is not allocated, use SetWorkSpacePointer.
Warning: Workspace for DeviceGroupedConvBwdWeightTwoStage_Xdl_CShuffle::Argument is not allocated, use SetWorkSpacePointer.
Warning: Workspace for DeviceGroupedConvBwdWeightTwoStage_Xdl_CShuffle::Argument is not allocated, use SetWorkSpacePointer.
Warning: Workspace for DeviceGroupedConvBwdWeightTwoStage_Xdl_CShuffle::Argument is not allocated, use SetWorkSpacePointer.
Warning: Workspace for DeviceGroupedConvBwdWeightTwoStage_Xdl_CShuffle::Argument is not allocated, use SetWorkSpacePointer.
Warning: Workspace for DeviceGroupedConvBwdWeightTwoStage_Xdl_CShuffle::Argument is not allocated, use SetWorkSpacePointer.
Warning: Workspace for DeviceGroupedConvBwdWeightTwoStage_Xdl_CShuffle::Argument is not allocated, use SetWorkSpacePointer.
Warning: Workspace for DeviceGroupedConvBwdWeightTwoStage_Xdl_CShuffle::Argument is not allocated, use SetWorkSpacePointer.
Warning: Workspace for DeviceGroupedConvBwdWeightTwoStage_Xdl_CShuffle::Argument is not allocated, use SetWorkSpacePointer.
Warning: Workspace for DeviceGroupedConvBwdWeightTwoStage_Xdl_CShuffle::Argument is not allocated, use SetWorkSpacePointer.
Warning: Workspace for DeviceGroupedConvBwdWeightTwoStage_Xdl_CShuffle::Argument is not allocated, use SetWorkSpacePointer.
Warning: Workspace for DeviceGroupedConvBwdWeightTwoStage_Xdl_CShuffle::Argument is not allocated, use SetWorkSpacePointer.
Warning: Workspace for DeviceGroupedConvBwdWeightTwoStage_Xdl_CShuffle::Argument is not allocated, use SetWorkSpacePointer.
Warning: Workspace for DeviceGroupedConvBwdWeightTwoStage_Xdl_CShuffle::Argument is not allocated, use SetWorkSpacePointer.
Warning: Workspace for DeviceGroupedConvBwdWeightTwoStage_Xdl_CShuffle::Argument is not allocated, use SetWorkSpacePointer.
Warning: Workspace for DeviceGroupedConvBwdWeightTwoStage_Xdl_CShuffle::Argument is not allocated, use SetWorkSpacePointer.
Warning: Workspace for DeviceGroupedConvBwdWeightTwoStage_Xdl_CShuffle::Argument is not allocated, use SetWorkSpacePointer.
Warning: Workspace for DeviceGroupedConvBwdWeightTwoStage_Xdl_CShuffle::Argument is not allocated, use SetWorkSpacePointer.
Warning: Workspace for DeviceGroupedConvBwdWeightTwoStage_Xdl_CShuffle::Argument is not allocated, use SetWorkSpacePointer.
Warning: Workspace for DeviceGroupedConvBwdWeightTwoStage_Xdl_CShuffle::Argument is not allocated, use SetWorkSpacePointer.
Warning: Workspace for DeviceGroupedConvBwdWeightTwoStage_Xdl_CShuffle::Argument is not allocated, use SetWorkSpacePointer.
Warning: Workspace for DeviceGroupedConvBwdWeightTwoStage_Xdl_CShuffle::Argument is not allocated, use SetWorkSpacePointer.
Warning: Workspace for DeviceGroupedConvBwdWeightTwoStage_Xdl_CShuffle::Argument is not allocated, use SetWorkSpacePointer.
Warning: Workspace for DeviceGroupedConvBwdWeightTwoStage_Xdl_CShuffle::Argument is not allocated, use SetWorkSpacePointer.
Warning: Workspace for DeviceGroupedConvBwdWeightTwoStage_Xdl_CShuffle::Argument is not allocated, use SetWorkSpacePointer.
Warning: Workspace for DeviceGroupedConvBwdWeightTwoStage_Xdl_CShuffle::Argument is not allocated, use SetWorkSpacePointer.
Warning: Workspace for DeviceGroupedConvBwdWeightTwoStage_Xdl_CShuffle::Argument is not allocated, use SetWorkSpacePointer.
Warning: Workspace for DeviceGroupedConvBwdWeightTwoStage_Xdl_CShuffle::Argument is not allocated, use SetWorkSpacePointer.
Warning: Workspace for DeviceGroupedConvBwdWeightTwoStage_Xdl_CShuffle::Argument is not allocated, use SetWorkSpacePointer.
Warning: Workspace for DeviceGroupedConvBwdWeightTwoStage_Xdl_CShuffle::Argument is not allocated, use SetWorkSpacePointer.
Warning: Workspace for DeviceGroupedConvBwdWeightTwoStage_Xdl_CShuffle::Argument is not allocated, use SetWorkSpacePointer.
Warning: Workspace for DeviceGroupedConvBwdWeightTwoStage_Xdl_CShuffle::Argument is not allocated, use SetWorkSpacePointer.
Warning: Workspace for DeviceGroupedConvBwdWeightTwoStage_Xdl_CShuffle::Argument is not allocated, use SetWorkSpacePointer.
Warning: Workspace for DeviceGroupedConvBwdWeightTwoStage_Xdl_CShuffle::Argument is not allocated, use SetWorkSpacePointer.
Warning: Workspace for DeviceGroupedConvBwdWeightTwoStage_Xdl_CShuffle::Argument is not allocated, use SetWorkSpacePointer.
Warning: Workspace for DeviceGroupedConvBwdWeightTwoStage_Xdl_CShuffle::Argument is not allocated, use SetWorkSpacePointer.
Warning: Workspace for DeviceGroupedConvBwdWeightTwoStage_Xdl_CShuffle::Argument is not allocated, use SetWorkSpacePointer.
Warning: Workspace for DeviceGroupedConvBwdWeightTwoStage_Xdl_CShuffle::Argument is not allocated, use SetWorkSpacePointer.
Warning: Workspace for DeviceGroupedConvBwdWeightTwoStage_Xdl_CShuffle::Argument is not allocated, use SetWorkSpacePointer.
Warning: Workspace for DeviceGroupedConvBwdWeightTwoStage_Xdl_CShuffle::Argument is not allocated, use SetWorkSpacePointer.
Warning: Workspace for DeviceGroupedConvBwdWeightTwoStage_Xdl_CShuffle::Argument is not allocated, use SetWorkSpacePointer.
Warning: Workspace for DeviceGroupedConvBwdWeightTwoStage_Xdl_CShuffle::Argument is not allocated, use SetWorkSpacePointer.
Warning: Workspace for DeviceGroupedConvBwdWeightTwoStage_Xdl_CShuffle::Argument is not allocated, use SetWorkSpacePointer.
Warning: Workspace for DeviceGroupedConvBwdWeightTwoStage_Xdl_CShuffle::Argument is not allocated, use SetWorkSpacePointer.
Warning: Workspace for DeviceGroupedConvBwdWeightTwoStage_Xdl_CShuffle::Argument is not allocated, use SetWorkSpacePointer.
Warning: Workspace for DeviceGroupedConvBwdWeightTwoStage_Xdl_CShuffle::Argument is not allocated, use SetWorkSpacePointer.
Warning: Workspace for DeviceGroupedConvBwdWeightTwoStage_Xdl_CShuffle::Argument is not allocated, use SetWorkSpacePointer.
Warning: Workspace for DeviceGroupedConvBwdWeightTwoStage_Xdl_CShuffle::Argument is not allocated, use SetWorkSpacePointer.
Warning: Workspace for DeviceGroupedConvBwdWeightTwoStage_Xdl_CShuffle::Argument is not allocated, use SetWorkSpacePointer.
Warning: Workspace for DeviceGroupedConvBwdWeightTwoStage_Xdl_CShuffle::Argument is not allocated, use SetWorkSpacePointer.
Warning: Workspace for DeviceGroupedConvBwdWeightTwoStage_Xdl_CShuffle::Argument is not allocated, use SetWorkSpacePointer.
Warning: Workspace for DeviceGroupedConvBwdWeightTwoStage_Xdl_CShuffle::Argument is not allocated, use SetWorkSpacePointer.
Warning: Workspace for DeviceGroupedConvBwdWeightTwoStage_Xdl_CShuffle::Argument is not allocated, use SetWorkSpacePointer.
Warning: Workspace for DeviceGroupedConvBwdWeightTwoStage_Xdl_CShuffle::Argument is not allocated, use SetWorkSpacePointer.
Warning: Workspace for DeviceGroupedConvBwdWeightTwoStage_Xdl_CShuffle::Argument is not allocated, use SetWorkSpacePointer.
Warning: Workspace for DeviceGroupedConvBwdWeightTwoStage_Xdl_CShuffle::Argument is not allocated, use SetWorkSpacePointer.
[K      1/100      0.16G       1.74      3.022       1.81          6        512: 98% ━━━━━━━━━━━╸ 52/53 8.4it/s 21.8s<0.1s[K      1/100      0.16G       1.74      3.022       1.81          6        512: 100% ━━━━━━━━━━━━ 53/53 2.4it/s 21.8s
[K                 Class     Images  Instances      Box(P          R      mAP50  mAP50-95): 12% ━─────────── 1/8 4.5s/it 1.4s<31.8s[K                 Class     Images  Instances      Box(P          R      mAP50  mAP50-95): 50% ━━━━━━────── 4/8 9.0it/s 1.5s<0.4s[K                 Class     Images  Instances      Box(P          R      mAP50  mAP50-95): 75% ━━━━━━━━━─── 6/8 11.8it/s 1.6s<0.2s[K                 Class     Images  Instances      Box(P          R      mAP50  mAP50-95): 100% ━━━━━━━━━━━━ 8/8 3.4it/s 2.4s
                   all        239        179          0          0          0          0

      Epoch    GPU_mem   box_loss   cls_loss   dfl_loss  Instances       Size
[K      2/100       1.2G      1.727      2.782      1.764         32        512: 2% ──────────── 1/53 1.8it/s 0.2s<29.4s[K      2/100       1.2G      1.603      2.664      1.682         21        512: 6% ╸─────────── 3/53 4.8it/s 0.3s<10.5s[K      2/100       1.2G      1.653      2.586      1.708         28        512: 9% ━─────────── 5/53 6.9it/s 0.5s<7.0s[K      2/100       1.2G      1.762       2.72      1.816         19        512: 13% ━╸────────── 7/53 8.4it/s 0.7s<5.5s[K      2/100       1.2G      1.763      2.747      1.808         16        512: 17% ━━────────── 9/53 9.4it/s 0.8s<4.7s[K      2/100       1.2G       1.76      2.709      1.804         29        512: 21% ━━────────── 11/53 10.1it/s 1.0s<4.1s[K      2/100       1.2G      1.729      2.704       1.79         21        512: 25% ━━╸───────── 13/53 10.6it/s 1.2s<3.8s[K      2/100       1.2G      1.727      2.741      1.792         22        512: 28% ━━━───────── 15/53 11.0it/s 1.4s<3.5s[K      2/100       1.2G      1.727      2.727      1.806         23        512: 32% ━━━╸──────── 17/53 11.2it/s 1.5s<3.2s[K      2/100       1.2G      1.729      2.711      1.802         29        512: 36% ━━━━──────── 19/53 11.4it/s 1.7s<3.0s[K      2/100       1.2G      1.744      2.705      1.816         22        512: 40% ━━━━╸─────── 21/53 11.5it/s 1.9s<2.8s[K      2/100       1.2G      1.754      2.712      1.832         25        512: 43% ━━━━━─────── 23/53 11.6it/s 2.0s<2.6s[K      2/100       1.2G      1.745      2.703       1.83         19        512: 47% ━━━━━╸────── 25/53 11.7it/s 2.2s<2.4s[K      2/100       1.2G      1.759      2.708      1.841         23        512: 51% ━━━━━━────── 27/53 11.9it/s 2.4s<2.2s[K      2/100       1.2G        1.8      2.752      1.874         12        512: 55% ━━━━━━╸───── 29/53 11.9it/s 2.5s<2.0s[K      2/100       1.2G      1.793      2.742      1.863         21        512: 58% ━━━━━━━───── 31/53 11.9it/s 2.7s<1.9s[K      2/100       1.2G        1.8      2.744      1.871         21        512: 62% ━━━━━━━───── 33/53 12.1it/s 2.9s<1.7s[K      2/100       1.2G      1.814      2.745      1.873         25        512: 66% ━━━━━━━╸──── 35/53 12.0it/s 3.0s<1.5s[K      2/100       1.2G      1.812       2.75      1.868         31        512: 70% ━━━━━━━━──── 37/53 11.9it/s 3.2s<1.3s[K      2/100       1.2G      1.822      2.757      1.868         23        512: 74% ━━━━━━━━╸─── 39/53 12.1it/s 3.4s<1.2s[K      2/100       1.2G      1.817      2.754      1.864         18        512: 77% ━━━━━━━━━─── 41/53 12.0it/s 3.5s<1.0s[K      2/100       1.2G      1.819      2.739       1.86         22        512: 81% ━━━━━━━━━╸── 43/53 12.0it/s 3.7s<0.8s[K      2/100       1.2G      1.825      2.743      1.859         19        512: 85% ━━━━━━━━━━── 45/53 12.1it/s 3.9s<0.7s[K      2/100       1.2G      1.823      2.741      1.859         25        512: 89% ━━━━━━━━━━╸─ 47/53 12.0it/s 4.0s<0.5s[K      2/100       1.2G      1.816      2.737      1.854         25        512: 92% ━━━━━━━━━━━─ 49/53 12.0it/s 4.2s<0.3s[K      2/100       1.2G      1.813      2.731      1.848         27        512: 96% ━━━━━━━━━━━╸ 51/53 12.1it/s 4.4s<0.2s[K      2/100      1.22G      1.807      2.727      1.843          7        512: 100% ━━━━━━━━━━━━ 53/53 12.0it/s 4.4s
[K                 Class     Images  Instances      Box(P          R      mAP50  mAP50-95): 12% ━─────────── 1/8 1.4s/it 0.4s<10.1s[K                 Class     Images  Instances      Box(P          R      mAP50  mAP50-95): 50% ━━━━━━────── 4/8 7.6it/s 0.6s<0.5s[K                 Class     Images  Instances      Box(P          R      mAP50  mAP50-95): 88% ━━━━━━━━━━── 7/8 12.3it/s 0.7s<0.1s[K                 Class     Images  Instances      Box(P          R      mAP50  mAP50-95): 100% ━━━━━━━━━━━━ 8/8 11.3it/s 0.7s
                   all        239        179      0.142      0.134     0.0325     0.0055

      Epoch    GPU_mem   box_loss   cls_loss   dfl_loss  Instances       Size
[K      3/100      1.42G       1.93      2.634      1.843         21        512: 2% ──────────── 1/53 1.9it/s 0.2s<27.7s[K      3/100      1.42G      1.916      2.634      1.875         21        512: 6% ╸─────────── 3/53 4.8it/s 0.3s<10.3s[K      3/100      1.42G       1.87      2.587      1.837         31        512: 9% ━─────────── 5/53 6.9it/s 0.5s<6.9s[K      3/100      1.42G      1.887      2.612      1.836         23        512: 13% ━╸────────── 7/53 8.6it/s 0.7s<5.3s[K      3/100      1.42G      1.871      2.611      1.818         18        512: 17% ━━────────── 9/53 9.6it/s 0.8s<4.6s[K      3/100      1.42G      1.874       2.63      1.832         20        512: 21% ━━────────── 11/53 10.2it/s 1.0s<4.1s[K      3/100      1.42G      1.873      2.623      1.846         25        512: 25% ━━╸───────── 13/53 10.9it/s 1.2s<3.7s[K      3/100      1.42G      1.872       2.63      1.843         14        512: 28% ━━━───────── 15/53 11.2it/s 1.3s<3.4s[K      3/100      1.42G      1.867      2.626      1.844         29        512: 32% ━━━╸──────── 17/53 11.4it/s 1.5s<3.2s[K      3/100      1.42G      1.865      2.616       1.84         21        512: 36% ━━━━──────── 19/53 11.7it/s 1.7s<2.9s[K      3/100      1.42G      1.856      2.619      1.843         19        512: 40% ━━━━╸─────── 21/53 11.7it/s 1.8s<2.7s[K      3/100      1.42G      1.859      2.612      1.849         28        512: 43% ━━━━━─────── 23/53 11.8it/s 2.0s<2.6s[K      3/100      1.42G      1.852      2.611      1.852         16        512: 47% ━━━━━╸────── 25/53 12.0it/s 2.2s<2.3s[K      3/100      1.42G      1.849      2.613      1.843         19        512: 51% ━━━━━━────── 27/53 11.9it/s 2.3s<2.2s[K      3/100      1.42G      1.862      2.609      1.842         27        512: 55% ━━━━━━╸───── 29/53 12.1it/s 2.5s<2.0s[K      3/100      1.42G      1.873      2.616      1.843         28        512: 58% ━━━━━━━───── 31/53 12.0it/s 2.7s<1.8s[K      3/100      1.42G      1.866      2.599      1.837         25        512: 62% ━━━━━━━───── 33/53 12.1it/s 2.8s<1.7s[K      3/100      1.42G       1.88      2.597      1.851         27        512: 66% ━━━━━━━╸──── 35/53 12.0it/s 3.0s<1.5s[K      3/100      1.42G      1.874      2.585      1.846         35        512: 70% ━━━━━━━━──── 37/53 12.2it/s 3.1s<1.3s[K      3/100      1.42G       1.87      2.567      1.845         21        512: 74% ━━━━━━━━╸─── 39/53 12.0it/s 3.3s<1.2s[K      3/100      1.42G      1.873      2.567       1.85         24        512: 77% ━━━━━━━━━─── 41/53 12.2it/s 3.5s<1.0s[K      3/100      1.42G      1.873      2.555      1.849         27        512: 81% ━━━━━━━━━╸── 43/53 12.1it/s 3.6s<0.8s[K      3/100      1.42G      1.868      2.543      1.846         27        512: 85% ━━━━━━━━━━── 45/53 12.2it/s 3.8s<0.7s[K      3/100      1.42G      1.863      2.536      1.845         24        512: 89% ━━━━━━━━━━╸─ 47/53 12.1it/s 4.0s<0.5s[K      3/100      1.42G      1.859      2.523      1.839         27        512: 92% ━━━━━━━━━━━─ 49/53 12.2it/s 4.1s<0.3s[K      3/100      1.42G      1.861      2.534      1.841         16        512: 96% ━━━━━━━━━━━╸ 51/53 12.1it/s 4.3s<0.2s[K      3/100      1.42G       1.86      2.537      1.846          9        512: 100% ━━━━━━━━━━━━ 53/53 12.2it/s 4.3s
[K                 Class     Images  Instances      Box(P          R      mAP50  mAP50-95): 38% ━━━━──────── 3/8 6.6it/s 0.1s<0.8s[K                 Class     Images  Instances      Box(P          R      mAP50  mAP50-95): 75% ━━━━━━━━━─── 6/8 10.9it/s 0.3s<0.2s[K                 Class     Images  Instances      Box(P          R      mAP50  mAP50-95): 100% ━━━━━━━━━━━━ 8/8 22.6it/s 0.4s
                   all        239        179      0.218      0.374      0.153     0.0344

      Epoch    GPU_mem   box_loss   cls_loss   dfl_loss  Instances       Size
[K      4/100      1.42G      1.854      2.586      1.827         18        512: 2% ──────────── 1/53 1.8it/s 0.2s<29.4s[K      4/100      1.42G      1.883      2.592      1.834         31        512: 6% ╸─────────── 3/53 5.0it/s 0.3s<10.0s[K      4/100      1.42G      1.856       2.47      1.825         29        512: 9% ━─────────── 5/53 7.0it/s 0.5s<6.8s[K      4/100      1.42G      1.877       2.44      1.854         29        512: 13% ━╸────────── 7/53 8.7it/s 0.7s<5.3s[K      4/100      1.42G      1.877      2.428      1.848         26        512: 17% ━━────────── 9/53 9.6it/s 0.8s<4.6s[K      4/100      1.42G      1.887      2.433      1.856         26        512: 21% ━━────────── 11/53 10.5it/s 1.0s<4.0s[K      4/100      1.42G      1.875       2.42      1.856         22        512: 25% ━━╸───────── 13/53 10.9it/s 1.2s<3.7s[K      4/100      1.42G      1.879      2.465      1.861         27        512: 28% ━━━───────── 15/53 11.4it/s 1.3s<3.3s[K      4/100      1.42G      1.885      2.467       1.87         23        512: 32% ━━━╸──────── 17/53 11.5it/s 1.5s<3.1s[K      4/100      1.42G       1.87      2.463      1.868         24        512: 36% ━━━━──────── 19/53 11.8it/s 1.6s<2.9s[K      4/100      1.42G      1.853      2.444      1.856         25        512: 40% ━━━━╸─────── 21/53 11.8it/s 1.8s<2.7s[K      4/100      1.42G      1.873      2.459      1.866         31        512: 43% ━━━━━─────── 23/53 12.0it/s 2.0s<2.5s[K      4/100      1.42G      1.875      2.446      1.865         29        512: 47% ━━━━━╸────── 25/53 11.9it/s 2.1s<2.3s[K      4/100      1.42G      1.863      2.419      1.858         27        512: 51% ━━━━━━────── 27/53 12.1it/s 2.3s<2.1s[K      4/100      1.42G      1.867      2.431      1.866         21        512: 55% ━━━━━━╸───── 29/53 12.0it/s 2.5s<2.0s[K      4/100      1.42G      1.852      2.412      1.857         23        512: 58% ━━━━━━━───── 31/53 12.2it/s 2.6s<1.8s[K      4/100      1.42G      1.834      2.396      1.846         18        512: 62% ━━━━━━━───── 33/53 12.1it/s 2.8s<1.7s[K      4/100      1.42G      1.825      2.381      1.838         19        512: 66% ━━━━━━━╸──── 35/53 12.2it/s 3.0s<1.5s[K      4/100      1.42G      1.822       2.37      1.834         25        512: 70% ━━━━━━━━──── 37/53 12.1it/s 3.1s<1.3s[K      4/100      1.42G      1.825      2.368      1.836         23        512: 74% ━━━━━━━━╸─── 39/53 12.2it/s 3.3s<1.1s[K      4/100      1.42G       1.82       2.36      1.832         28        512: 77% ━━━━━━━━━─── 41/53 12.1it/s 3.5s<1.0s[K      4/100      1.42G      1.818      2.356       1.83         24        512: 81% ━━━━━━━━━╸── 43/53 12.2it/s 3.6s<0.8s[K      4/100      1.42G      1.826      2.343      1.833         28        512: 85% ━━━━━━━━━━── 45/53 12.1it/s 3.8s<0.7s[K      4/100      1.42G      1.833      2.345      1.835         36        512: 89% ━━━━━━━━━━╸─ 47/53 12.2it/s 4.0s<0.5s[K      4/100      1.42G      1.825      2.332      1.832         19        512: 92% ━━━━━━━━━━━─ 49/53 12.1it/s 4.1s<0.3s[K      4/100      1.42G      1.817      2.325      1.829         17        512: 96% ━━━━━━━━━━━╸ 51/53 12.2it/s 4.3s<0.2s[K      4/100      1.42G      1.822      2.325       1.83         10        512: 100% ━━━━━━━━━━━━ 53/53 12.3it/s 4.3s
[K                 Class     Images  Instances      Box(P          R      mAP50  mAP50-95): 38% ━━━━──────── 3/8 6.5it/s 0.1s<0.8s[K                 Class     Images  Instances      Box(P          R      mAP50  mAP50-95): 62% ━━━━━━━───── 5/8 10.5it/s 0.2s<0.3s[K                 Class     Images  Instances      Box(P          R      mAP50  mAP50-95): 100% ━━━━━━━━━━━━ 8/8 22.2it/s 0.4s
                   all        239        179       0.42      0.374      0.288     0.0688

      Epoch    GPU_mem   box_loss   cls_loss   dfl_loss  Instances       Size
[K      5/100      1.42G      1.843      2.186      1.807         19        512: 2% ──────────── 1/53 1.8it/s 0.2s<29.3s[K      5/100      1.42G      1.916      2.298      1.853         36        512: 6% ╸─────────── 3/53 5.0it/s 0.3s<10.0s[K      5/100      1.42G      1.892      2.274      1.828         27        512: 9% ━─────────── 5/53 7.0it/s 0.5s<6.8s[K      5/100      1.42G      1.881      2.294      1.808         24        512: 13% ━╸────────── 7/53 8.7it/s 0.7s<5.3s[K      5/100      1.42G      1.862      2.327      1.801         24        512: 17% ━━────────── 9/53 9.6it/s 0.8s<4.6s[K      5/100      1.42G      1.859      2.334      1.797         31        512: 21% ━━────────── 11/53 10.5it/s 1.0s<4.0s[K      5/100      1.42G      1.859      2.337      1.798         30        512: 25% ━━╸───────── 13/53 10.9it/s 1.2s<3.7s[K      5/100      1.42G       1.85      2.335      1.791         25        512: 28% ━━━───────── 15/53 11.4it/s 1.3s<3.3s[K      5/100      1.42G      1.838      2.298       1.78         25        512: 32% ━━━╸──────── 17/53 11.5it/s 1.5s<3.1s[K      5/100      1.42G      1.839      2.293      1.791         22        512: 36% ━━━━──────── 19/53 11.8it/s 1.6s<2.9s[K      5/100      1.42G       1.85       2.32      1.799         16        512: 40% ━━━━╸─────── 21/53 11.8it/s 1.8s<2.7s[K      5/100      1.42G      1.848      2.305      1.802         18        512: 43% ━━━━━─────── 23/53 12.0it/s 2.0s<2.5s[K      5/100      1.42G      1.836      2.292      1.796         40        512: 47% ━━━━━╸────── 25/53 11.9it/s 2.1s<2.3s[K      5/100      1.42G      1.844      2.316      1.804         16        512: 51% ━━━━━━────── 27/53 12.1it/s 2.3s<2.1s[K      5/100      1.42G       1.84      2.313      1.807         25        512: 55% ━━━━━━╸───── 29/53 12.0it/s 2.5s<2.0s[K      5/100      1.42G      1.815      2.306      1.801         20        512: 58% ━━━━━━━───── 31/53 12.2it/s 2.6s<1.8s[K      5/100      1.42G      1.816        2.3      1.799         23        512: 62% ━━━━━━━───── 33/53 12.1it/s 2.8s<1.7s[K      5/100      1.42G      1.814      2.298        1.8         32        512: 66% ━━━━━━━╸──── 35/53 12.2it/s 3.0s<1.5s[K      5/100      1.42G      1.838      2.322      1.819         18        512: 70% ━━━━━━━━──── 37/53 12.1it/s 3.1s<1.3s[K      5/100      1.42G      1.851       2.33      1.828         34        512: 74% ━━━━━━━━╸─── 39/53 12.2it/s 3.3s<1.1s[K      5/100      1.42G      1.846      2.326      1.824         21        512: 77% ━━━━━━━━━─── 41/53 12.1it/s 3.5s<1.0s[K      5/100      1.42G      1.848      2.328      1.826         22        512: 81% ━━━━━━━━━╸── 43/53 12.2it/s 3.6s<0.8s[K      5/100      1.42G      1.855      2.339      1.828         14        512: 85% ━━━━━━━━━━── 45/53 12.1it/s 3.8s<0.7s[K      5/100      1.42G      1.847      2.331      1.824         35        512: 89% ━━━━━━━━━━╸─ 47/53 12.2it/s 4.0s<0.5s[K      5/100      1.42G      1.845      2.333      1.823         31        512: 92% ━━━━━━━━━━━─ 49/53 12.1it/s 4.1s<0.3s[K      5/100      1.42G      1.841      2.328      1.823         21        512: 96% ━━━━━━━━━━━╸ 51/53 12.2it/s 4.3s<0.2s[K      5/100      1.42G      1.842      2.326      1.829         10        512: 100% ━━━━━━━━━━━━ 53/53 12.2it/s 4.3s
[K                 Class     Images  Instances      Box(P          R      mAP50  mAP50-95): 38% ━━━━──────── 3/8 8.3it/s 0.1s<0.6s[K                 Class     Images  Instances      Box(P          R      mAP50  mAP50-95): 75% ━━━━━━━━━─── 6/8 13.8it/s 0.2s<0.1s[K                 Class     Images  Instances      Box(P          R      mAP50  mAP50-95): 100% ━━━━━━━━━━━━ 8/8 28.5it/s 0.3s
                   all        239        179      0.415      0.095     0.0444     0.0111

      Epoch    GPU_mem   box_loss   cls_loss   dfl_loss  Instances       Size
[K      6/100      1.42G      1.716      2.059      1.737         18        512: 2% ──────────── 1/53 1.9it/s 0.2s<27.8s[K      6/100      1.42G      1.723      2.203       1.71         16        512: 6% ╸─────────── 3/53 4.8it/s 0.3s<10.3s[K      6/100      1.42G        1.8      2.308      1.759         27        512: 9% ━─────────── 5/53 7.1it/s 0.5s<6.7s[K      6/100      1.42G      1.817      2.316      1.787         14        512: 13% ━╸────────── 7/53 8.5it/s 0.7s<5.4s[K      6/100      1.42G      1.799      2.287      1.788         21        512: 17% ━━────────── 9/53 9.7it/s 0.8s<4.5s[K      6/100      1.42G      1.806      2.273      1.788         23        512: 21% ━━────────── 11/53 10.4it/s 1.0s<4.1s[K      6/100      1.42G      1.797      2.264      1.798         19        512: 25% ━━╸───────── 13/53 11.0it/s 1.1s<3.6s[K      6/100      1.42G      1.788       2.26      1.801         16        512: 28% ━━━───────── 15/53 11.2it/s 1.3s<3.4s[K      6/100      1.42G      1.785       2.25      1.804         21        512: 32% ━━━╸──────── 17/53 11.6it/s 1.5s<3.1s[K      6/100      1.42G      1.791      2.256      1.804         13        512: 36% ━━━━──────── 19/53 11.7it/s 1.6s<2.9s[K      6/100      1.42G      1.774      2.246       1.79         21        512: 40% ━━━━╸─────── 21/53 11.9it/s 1.8s<2.7s[K      6/100      1.42G      1.782      2.243      1.796         20        512: 43% ━━━━━─────── 23/53 11.9it/s 2.0s<2.5s[K      6/100      1.42G      1.787      2.244      1.799         26        512: 47% ━━━━━╸────── 25/53 12.1it/s 2.1s<2.3s[K      6/100      1.42G      1.789      2.246      1.798         30        512: 51% ━━━━━━────── 27/53 12.0it/s 2.3s<2.2s[K      6/100      1.42G      1.798       2.24      1.803         29        512: 55% ━━━━━━╸───── 29/53 12.1it/s 2.5s<2.0s[K      6/100      1.42G      1.786      2.222      1.793         19        512: 58% ━━━━━━━───── 31/53 12.0it/s 2.6s<1.8s[K      6/100      1.42G      1.789       2.23      1.793         29        512: 62% ━━━━━━━───── 33/53 12.2it/s 2.8s<1.6s[K      6/100      1.42G      1.777      2.228      1.788         14        512: 66% ━━━━━━━╸──── 35/53 12.1it/s 3.0s<1.5s[K      6/100      1.42G      1.775      2.213      1.787         19        512: 70% ━━━━━━━━──── 37/53 12.2it/s 3.1s<1.3s[K      6/100      1.42G       1.79      2.223      1.788         31        512: 74% ━━━━━━━━╸─── 39/53 12.1it/s 3.3s<1.2s[K      6/100      1.42G      1.788      2.216      1.786         38        512: 77% ━━━━━━━━━─── 41/53 12.2it/s 3.5s<1.0s[K      6/100      1.42G      1.787      2.221      1.789         27        512: 81% ━━━━━━━━━╸── 43/53 12.1it/s 3.6s<0.8s[K      6/100      1.42G      1.778      2.212      1.779         18        512: 85% ━━━━━━━━━━── 45/53 12.2it/s 3.8s<0.7s[K      6/100      1.42G      1.793      2.216      1.789         19        512: 89% ━━━━━━━━━━╸─ 47/53 12.1it/s 4.0s<0.5s[K      6/100      1.42G      1.794      2.215      1.788         25        512: 92% ━━━━━━━━━━━─ 49/53 12.2it/s 4.1s<0.3s[K      6/100      1.42G      1.792       2.21      1.786         23        512: 96% ━━━━━━━━━━━╸ 51/53 12.1it/s 4.3s<0.2s[K      6/100      1.42G      1.799      2.214       1.79          7        512: 100% ━━━━━━━━━━━━ 53/53 12.2it/s 4.3s
[K                 Class     Images  Instances      Box(P          R      mAP50  mAP50-95): 38% ━━━━──────── 3/8 8.0it/s 0.1s<0.6s[K                 Class     Images  Instances      Box(P          R      mAP50  mAP50-95): 75% ━━━━━━━━━─── 6/8 13.7it/s 0.2s<0.1s[K                 Class     Images  Instances      Box(P          R      mAP50  mAP50-95): 100% ━━━━━━━━━━━━ 8/8 28.3it/s 0.3s
                   all        239        179      0.263     0.0559     0.0201    0.00405

      Epoch    GPU_mem   box_loss   cls_loss   dfl_loss  Instances       Size
[K      7/100      1.42G      1.681      2.205      1.697         18        512: 2% ──────────── 1/53 1.9it/s 0.2s<27.7s[K      7/100      1.42G       1.69      2.206      1.708         21        512: 6% ╸─────────── 3/53 4.9it/s 0.3s<10.3s[K      7/100      1.42G      1.818      2.277      1.768         31        512: 9% ━─────────── 5/53 7.1it/s 0.5s<6.7s[K      7/100      1.42G      1.806      2.227      1.754         26        512: 13% ━╸────────── 7/53 8.5it/s 0.7s<5.4s[K      7/100      1.42G      1.796      2.201      1.735         28        512: 17% ━━────────── 9/53 9.7it/s 0.8s<4.5s[K      7/100      1.42G      1.808      2.191      1.742         29        512: 21% ━━────────── 11/53 10.4it/s 1.0s<4.0s[K      7/100      1.42G       1.79      2.183      1.753         14        512: 25% ━━╸───────── 13/53 11.0it/s 1.1s<3.6s[K      7/100      1.42G       1.78      2.184      1.761         20        512: 28% ━━━───────── 15/53 11.3it/s 1.3s<3.4s[K      7/100      1.42G      1.783      2.188      1.761         23        512: 32% ━━━╸──────── 17/53 11.6it/s 1.5s<3.1s[K      7/100      1.42G       1.79       2.18      1.766         36        512: 36% ━━━━──────── 19/53 11.7it/s 1.6s<2.9s[K      7/100      1.42G      1.811      2.201      1.779         22        512: 40% ━━━━╸─────── 21/53 11.9it/s 1.8s<2.7s[K      7/100      1.42G      1.791      2.176      1.768         18        512: 43% ━━━━━─────── 23/53 11.9it/s 2.0s<2.5s[K      7/100      1.42G      1.794      2.181      1.776         17        512: 47% ━━━━━╸────── 25/53 12.1it/s 2.1s<2.3s[K      7/100      1.42G      1.791      2.174      1.782         16        512: 51% ━━━━━━────── 27/53 12.0it/s 2.3s<2.2s[K      7/100      1.42G      1.801      2.189      1.799         20        512: 55% ━━━━━━╸───── 29/53 12.1it/s 2.5s<2.0s[K      7/100      1.42G       1.78       2.16      1.787         32        512: 58% ━━━━━━━───── 31/53 12.0it/s 2.6s<1.8s[K      7/100      1.42G      1.767      2.147      1.779         27        512: 62% ━━━━━━━───── 33/53 12.2it/s 2.8s<1.6s[K      7/100      1.42G      1.766      2.152      1.776         23        512: 66% ━━━━━━━╸──── 35/53 12.1it/s 3.0s<1.5s[K      7/100      1.42G      1.766      2.144      1.781         16        512: 70% ━━━━━━━━──── 37/53 12.2it/s 3.1s<1.3s[K      7/100      1.42G      1.755      2.138      1.779         26        512: 74% ━━━━━━━━╸─── 39/53 12.1it/s 3.3s<1.2s[K      7/100      1.42G      1.749      2.125      1.775         25        512: 77% ━━━━━━━━━─── 41/53 12.2it/s 3.5s<1.0s[K      7/100      1.42G      1.754      2.135      1.776         20        512: 81% ━━━━━━━━━╸── 43/53 12.1it/s 3.6s<0.8s[K      7/100      1.42G      1.764      2.152      1.782         18        512: 85% ━━━━━━━━━━── 45/53 12.2it/s 3.8s<0.7s[K      7/100      1.42G      1.771      2.152      1.791         15        512: 89% ━━━━━━━━━━╸─ 47/53 12.1it/s 4.0s<0.5s[K      7/100      1.42G      1.776      2.152      1.791         30        512: 92% ━━━━━━━━━━━─ 49/53 12.2it/s 4.1s<0.3s[K      7/100      1.42G      1.781      2.158      1.797         20        512: 96% ━━━━━━━━━━━╸ 51/53 12.1it/s 4.3s<0.2s[K      7/100      1.42G      1.783      2.166      1.804          8        512: 100% ━━━━━━━━━━━━ 53/53 12.2it/s 4.3s
[K                 Class     Images  Instances      Box(P          R      mAP50  mAP50-95): 38% ━━━━──────── 3/8 8.1it/s 0.1s<0.6s[K                 Class     Images  Instances      Box(P          R      mAP50  mAP50-95): 75% ━━━━━━━━━─── 6/8 13.2it/s 0.2s<0.2s[K                 Class     Images  Instances      Box(P          R      mAP50  mAP50-95): 100% ━━━━━━━━━━━━ 8/8 27.3it/s 0.3s
                   all        239        179      0.639      0.218      0.165     0.0617

      Epoch    GPU_mem   box_loss   cls_loss   dfl_loss  Instances       Size
[K      8/100      1.42G      1.746      2.103      1.801         26        512: 2% ──────────── 1/53 1.8it/s 0.2s<29.5s[K      8/100      1.42G       1.67      2.159      1.805         25        512: 6% ╸─────────── 3/53 5.0it/s 0.3s<10.0s[K      8/100      1.42G      1.636      2.156      1.781         19        512: 9% ━─────────── 5/53 7.0it/s 0.5s<6.8s[K      8/100      1.42G      1.632      2.116      1.755         23        512: 13% ━╸────────── 7/53 8.7it/s 0.7s<5.3s[K      8/100      1.42G      1.638      2.088      1.758         21        512: 17% ━━────────── 9/53 9.6it/s 0.8s<4.6s[K      8/100      1.42G      1.667      2.106      1.752         34        512: 21% ━━────────── 11/53 10.5it/s 1.0s<4.0s[K      8/100      1.42G       1.67      2.095      1.755         25        512: 25% ━━╸───────── 13/53 10.9it/s 1.2s<3.7s[K      8/100      1.42G      1.666      2.095      1.748         21        512: 28% ━━━───────── 15/53 11.4it/s 1.3s<3.3s[K      8/100      1.42G      1.675      2.087      1.758         16        512: 32% ━━━╸──────── 17/53 11.5it/s 1.5s<3.1s[K      8/100      1.42G      1.675      2.075      1.749         27        512: 36% ━━━━──────── 19/53 11.8it/s 1.6s<2.9s[K      8/100      1.42G      1.677      2.081      1.742         19        512: 40% ━━━━╸─────── 21/53 11.8it/s 1.8s<2.7s[K      8/100      1.42G      1.689      2.082       1.75         24        512: 43% ━━━━━─────── 23/53 12.0it/s 2.0s<2.5s[K      8/100      1.42G      1.716      2.107      1.761         13        512: 47% ━━━━━╸────── 25/53 11.9it/s 2.1s<2.3s[K      8/100      1.42G      1.713      2.103      1.756         24        512: 51% ━━━━━━────── 27/53 12.1it/s 2.3s<2.1s[K      8/100      1.42G      1.723      2.107       1.76         23        512: 55% ━━━━━━╸───── 29/53 12.0it/s 2.5s<2.0s[K      8/100      1.42G      1.726      2.107       1.76         19        512: 58% ━━━━━━━───── 31/53 12.2it/s 2.6s<1.8s[K      8/100      1.42G       1.73      2.101      1.764         23        512: 62% ━━━━━━━───── 33/53 12.0it/s 2.8s<1.7s[K      8/100      1.42G      1.732        2.1      1.766         21        512: 66% ━━━━━━━╸──── 35/53 12.2it/s 3.0s<1.5s[K      8/100      1.42G      1.727      2.088      1.761         32        512: 70% ━━━━━━━━──── 37/53 12.1it/s 3.1s<1.3s[K      8/100      1.42G       1.74      2.096      1.769         31        512: 74% ━━━━━━━━╸─── 39/53 12.2it/s 3.3s<1.1s[K      8/100      1.42G      1.746      2.108       1.77         11        512: 77% ━━━━━━━━━─── 41/53 12.1it/s 3.5s<1.0s[K      8/100      1.42G      1.756      2.111      1.775         23        512: 81% ━━━━━━━━━╸── 43/53 12.2it/s 3.6s<0.8s[K      8/100      1.42G      1.753      2.107       1.77         23        512: 85% ━━━━━━━━━━── 45/53 12.1it/s 3.8s<0.7s[K      8/100      1.42G      1.749      2.108      1.766          8        512: 89% ━━━━━━━━━━╸─ 47/53 12.2it/s 4.0s<0.5s[K      8/100      1.42G      1.741      2.106      1.765         16        512: 92% ━━━━━━━━━━━─ 49/53 12.1it/s 4.1s<0.3s[K      8/100      1.42G      1.743      2.103      1.766         22        512: 96% ━━━━━━━━━━━╸ 51/53 12.2it/s 4.3s<0.2s[K      8/100      1.42G      1.738      2.103      1.762          7        512: 100% ━━━━━━━━━━━━ 53/53 12.2it/s 4.3s
[K                 Class     Images  Instances      Box(P          R      mAP50  mAP50-95): 38% ━━━━──────── 3/8 8.6it/s 0.1s<0.6s[K                 Class     Images  Instances      Box(P          R      mAP50  mAP50-95): 75% ━━━━━━━━━─── 6/8 14.3it/s 0.2s<0.1s[K                 Class     Images  Instances      Box(P          R      mAP50  mAP50-95): 100% ━━━━━━━━━━━━ 8/8 29.3it/s 0.3s
                   all        239        179       0.75      0.067     0.0561     0.0172

      Epoch    GPU_mem   box_loss   cls_loss   dfl_loss  Instances       Size
[K      9/100      1.42G      1.697      2.049      1.644         35        512: 2% ──────────── 1/53 1.8it/s 0.2s<29.3s[K      9/100      1.42G      1.661      2.081      1.664         22        512: 6% ╸─────────── 3/53 5.0it/s 0.3s<10.0s[K      9/100      1.42G      1.696      2.129      1.683         17        512: 9% ━─────────── 5/53 7.0it/s 0.5s<6.8s[K      9/100      1.42G        1.7      2.079      1.682         22        512: 13% ━╸────────── 7/53 8.7it/s 0.7s<5.3s[K      9/100      1.42G      1.684      2.028       1.68         24        512: 17% ━━────────── 9/53 9.6it/s 0.8s<4.6s[K      9/100      1.42G      1.689      2.054      1.694         18        512: 21% ━━────────── 11/53 10.5it/s 1.0s<4.0s[K      9/100      1.42G      1.692      2.045      1.695         24        512: 25% ━━╸───────── 13/53 10.9it/s 1.2s<3.7s[K      9/100      1.42G      1.696      2.037      1.713         21        512: 28% ━━━───────── 15/53 11.3it/s 1.3s<3.3s[K      9/100      1.42G      1.714      2.023      1.725         25        512: 32% ━━━╸──────── 17/53 11.5it/s 1.5s<3.1s[K      9/100      1.42G      1.719      2.025      1.726         25        512: 36% ━━━━──────── 19/53 11.8it/s 1.6s<2.9s[K      9/100      1.42G      1.724      2.032      1.725         23        512: 40% ━━━━╸─────── 21/53 11.8it/s 1.8s<2.7s[K      9/100      1.42G      1.742      2.048      1.729         16        512: 43% ━━━━━─────── 23/53 12.0it/s 2.0s<2.5s[K      9/100      1.42G      1.747      2.052      1.732         20        512: 47% ━━━━━╸────── 25/53 11.9it/s 2.1s<2.3s[K      9/100      1.42G      1.737      2.037      1.728         18        512: 51% ━━━━━━────── 27/53 12.1it/s 2.3s<2.2s[K      9/100      1.42G      1.752       2.05      1.734         16        512: 55% ━━━━━━╸───── 29/53 12.0it/s 2.5s<2.0s[K      9/100      1.42G      1.758      2.066      1.739         23        512: 58% ━━━━━━━───── 31/53 12.1it/s 2.6s<1.8s[K      9/100      1.42G      1.739      2.051      1.728         29        512: 62% ━━━━━━━───── 33/53 12.1it/s 2.8s<1.7s[K      9/100      1.42G      1.746      2.058      1.735         28        512: 66% ━━━━━━━╸──── 35/53 12.2it/s 3.0s<1.5s[K      9/100      1.42G      1.732      2.048      1.725         18        512: 70% ━━━━━━━━──── 37/53 12.1it/s 3.1s<1.3s[K      9/100      1.42G      1.728      2.052      1.724         16        512: 74% ━━━━━━━━╸─── 39/53 12.2it/s 3.3s<1.1s[K      9/100      1.42G      1.719      2.043      1.719         21        512: 77% ━━━━━━━━━─── 41/53 12.1it/s 3.5s<1.0s[K      9/100      1.42G      1.711      2.033      1.714         20        512: 81% ━━━━━━━━━╸── 43/53 12.2it/s 3.6s<0.8s[K      9/100      1.42G      1.706      2.027      1.709         23        512: 85% ━━━━━━━━━━── 45/53 12.1it/s 3.8s<0.7s[K      9/100      1.42G      1.708      2.029      1.712         33        512: 89% ━━━━━━━━━━╸─ 47/53 12.2it/s 4.0s<0.5s[K      9/100      1.42G      1.711      2.025      1.713         22        512: 92% ━━━━━━━━━━━─ 49/53 12.1it/s 4.1s<0.3s[K      9/100      1.42G      1.711      2.025      1.712         27        512: 96% ━━━━━━━━━━━╸ 51/53 12.2it/s 4.3s<0.2s[K      9/100      1.42G      1.709      2.028      1.711          4        512: 100% ━━━━━━━━━━━━ 53/53 12.2it/s 4.3s
[K                 Class     Images  Instances      Box(P          R      mAP50  mAP50-95): 38% ━━━━──────── 3/8 8.5it/s 0.1s<0.6s[K                 Class     Images  Instances      Box(P          R      mAP50  mAP50-95): 75% ━━━━━━━━━─── 6/8 14.4it/s 0.2s<0.1s[K                 Class     Images  Instances      Box(P          R      mAP50  mAP50-95): 100% ━━━━━━━━━━━━ 8/8 29.5it/s 0.3s
                   all        239        179        0.4     0.0335     0.0218     0.0113

      Epoch    GPU_mem   box_loss   cls_loss   dfl_loss  Instances       Size
[K     10/100      1.42G       1.62      1.802      1.769         18        512: 2% ──────────── 1/53 1.9it/s 0.2s<27.7s[K     10/100      1.42G      1.615      1.884      1.708         29        512: 6% ╸─────────── 3/53 4.8it/s 0.3s<10.3s[K     10/100      1.42G      1.629      1.957       1.69         22        512: 9% ━─────────── 5/53 7.2it/s 0.5s<6.7s[K     10/100      1.42G      1.639      1.997      1.715         23        512: 13% ━╸────────── 7/53 8.5it/s 0.7s<5.4s[K     10/100      1.42G      1.654      2.005      1.712         26        512: 17% ━━────────── 9/53 9.7it/s 0.8s<4.5s[K     10/100      1.42G      1.692      2.024       1.72         28        512: 21% ━━────────── 11/53 10.4it/s 1.0s<4.1s[K     10/100      1.42G      1.681      2.023      1.721         18        512: 25% ━━╸───────── 13/53 11.0it/s 1.1s<3.6s[K     10/100      1.42G      1.689      2.045      1.731         18        512: 28% ━━━───────── 15/53 11.2it/s 1.3s<3.4s[K     10/100      1.42G      1.716      2.055      1.746         22        512: 32% ━━━╸──────── 17/53 11.6it/s 1.5s<3.1s[K     10/100      1.42G      1.707      2.039      1.746         28        512: 36% ━━━━──────── 19/53 11.7it/s 1.6s<2.9s[K     10/100      1.42G      1.709      2.024      1.745         19        512: 40% ━━━━╸─────── 21/53 11.9it/s 1.8s<2.7s[K     10/100      1.42G      1.702      2.012      1.742         24        512: 43% ━━━━━─────── 23/53 11.9it/s 2.0s<2.5s[K     10/100      1.42G      1.703      2.016      1.744         24        512: 47% ━━━━━╸────── 25/53 12.0it/s 2.1s<2.3s[K     10/100      1.42G      1.706      2.022      1.737         22        512: 51% ━━━━━━────── 27/53 11.9it/s 2.3s<2.2s[K     10/100      1.42G      1.706      2.029      1.738         22        512: 55% ━━━━━━╸───── 29/53 12.1it/s 2.5s<2.0s[K     10/100      1.42G      1.695      2.023       1.73         22        512: 58% ━━━━━━━───── 31/53 12.0it/s 2.6s<1.8s[K     10/100      1.42G      1.704      2.047      1.736         33        512: 62% ━━━━━━━───── 33/53 12.1it/s 2.8s<1.6s[K     10/100      1.42G      1.717      2.066      1.741         14        512: 66% ━━━━━━━╸──── 35/53 12.0it/s 3.0s<1.5s[K     10/100      1.42G      1.718      2.068      1.739         30        512: 70% ━━━━━━━━──── 37/53 12.1it/s 3.1s<1.3s[K     10/100      1.42G      1.721      2.071      1.736         28        512: 74% ━━━━━━━━╸─── 39/53 12.0it/s 3.3s<1.2s[K     10/100      1.42G      1.734       2.08      1.746         23        512: 77% ━━━━━━━━━─── 41/53 12.2it/s 3.5s<1.0s[K     10/100      1.42G      1.735      2.092      1.743         27        512: 81% ━━━━━━━━━╸── 43/53 12.0it/s 3.6s<0.8s[K     10/100      1.42G      1.728      2.086      1.738         23        512: 85% ━━━━━━━━━━── 45/53 12.2it/s 3.8s<0.7s[K     10/100      1.42G       1.72      2.085      1.734         17        512: 89% ━━━━━━━━━━╸─ 47/53 12.1it/s 4.0s<0.5s[K     10/100      1.42G      1.721      2.081      1.734         25        512: 92% ━━━━━━━━━━━─ 49/53 12.2it/s 4.1s<0.3s[K     10/100      1.42G      1.713      2.073      1.727         22        512: 96% ━━━━━━━━━━━╸ 51/53 12.1it/s 4.3s<0.2s[K     10/100      1.42G      1.714      2.078      1.725          5        512: 100% ━━━━━━━━━━━━ 53/53 12.2it/s 4.3s
[K                 Class     Images  Instances      Box(P          R      mAP50  mAP50-95): 38% ━━━━──────── 3/8 8.9it/s 0.1s<0.6s[K                 Class     Images  Instances      Box(P          R      mAP50  mAP50-95): 75% ━━━━━━━━━─── 6/8 14.8it/s 0.2s<0.1s[K                 Class     Images  Instances      Box(P          R      mAP50  mAP50-95): 100% ━━━━━━━━━━━━ 8/8 30.4it/s 0.3s
                   all        239        179          0          0          0          0

      Epoch    GPU_mem   box_loss   cls_loss   dfl_loss  Instances       Size
[K     11/100      1.42G      1.639      1.956       1.63         26        512: 2% ──────────── 1/53 1.9it/s 0.2s<27.8s[K     11/100      1.42G       1.67      1.968        1.7         25        512: 6% ╸─────────── 3/53 4.9it/s 0.3s<10.3s[K     11/100      1.42G      1.676      2.003       1.71         18        512: 9% ━─────────── 5/53 7.1it/s 0.5s<6.7s[K     11/100      1.42G      1.663       2.01      1.687         16        512: 13% ━╸────────── 7/53 8.5it/s 0.7s<5.4s[K     11/100      1.42G      1.661      2.005      1.686         18        512: 17% ━━────────── 9/53 9.7it/s 0.8s<4.5s[K     11/100      1.42G      1.649      1.983      1.677         22        512: 21% ━━────────── 11/53 10.4it/s 1.0s<4.1s[K     11/100      1.42G      1.675      2.036      1.706         14        512: 25% ━━╸───────── 13/53 11.0it/s 1.1s<3.6s[K     11/100      1.42G      1.661      2.009      1.697         23        512: 28% ━━━───────── 15/53 11.2it/s 1.3s<3.4s[K     11/100      1.42G      1.658      2.026      1.696         13        512: 32% ━━━╸──────── 17/53 11.6it/s 1.5s<3.1s[K     11/100      1.42G      1.651       2.02       1.69         27        512: 36% ━━━━──────── 19/53 11.7it/s 1.6s<2.9s[K     11/100      1.42G      1.669      2.039      1.693         27        512: 40% ━━━━╸─────── 21/53 11.9it/s 1.8s<2.7s[K     11/100      1.42G      1.649      2.018      1.681         19        512: 43% ━━━━━─────── 23/53 11.9it/s 2.0s<2.5s[K     11/100      1.42G      1.635      1.991      1.675         11        512: 47% ━━━━━╸────── 25/53 12.1it/s 2.1s<2.3s[K     11/100      1.42G      1.629      1.985      1.668         35        512: 51% ━━━━━━────── 27/53 12.0it/s 2.3s<2.2s[K     11/100      1.42G      1.645      1.995      1.678         23        512: 55% ━━━━━━╸───── 29/53 12.1it/s 2.5s<2.0s[K     11/100      1.42G       1.65       1.99      1.683         19        512: 58% ━━━━━━━───── 31/53 12.0it/s 2.6s<1.8s[K     11/100      1.42G      1.658      1.995      1.686         22        512: 62% ━━━━━━━───── 33/53 12.2it/s 2.8s<1.6s[K     11/100      1.42G      1.664      1.997      1.695         26        512: 66% ━━━━━━━╸──── 35/53 12.1it/s 3.0s<1.5s[K     11/100      1.42G      1.656       1.99      1.694         19        512: 70% ━━━━━━━━──── 37/53 12.2it/s 3.1s<1.3s[K     11/100      1.42G      1.666      1.997      1.704         17        512: 74% ━━━━━━━━╸─── 39/53 12.1it/s 3.3s<1.2s[K     11/100      1.42G      1.664       1.99      1.703         28        512: 77% ━━━━━━━━━─── 41/53 12.2it/s 3.5s<1.0s[K     11/100      1.42G      1.669      1.993      1.707         26        512: 81% ━━━━━━━━━╸── 43/53 12.1it/s 3.6s<0.8s[K     11/100      1.42G      1.672      1.988      1.708         21        512: 85% ━━━━━━━━━━── 45/53 12.2it/s 3.8s<0.7s[K     11/100      1.42G      1.665      1.986      1.704         26        512: 89% ━━━━━━━━━━╸─ 47/53 12.1it/s 4.0s<0.5s[K     11/100      1.42G      1.662      1.986        1.7         25        512: 92% ━━━━━━━━━━━─ 49/53 12.2it/s 4.1s<0.3s[K     11/100      1.42G      1.659      1.987      1.699         14        512: 96% ━━━━━━━━━━━╸ 51/53 12.1it/s 4.3s<0.2s[K     11/100      1.42G      1.656      1.993      1.696          4        512: 100% ━━━━━━━━━━━━ 53/53 12.2it/s 4.3s
[K                 Class     Images  Instances      Box(P          R      mAP50  mAP50-95): 38% ━━━━──────── 3/8 8.5it/s 0.1s<0.6s[K                 Class     Images  Instances      Box(P          R      mAP50  mAP50-95): 75% ━━━━━━━━━─── 6/8 14.5it/s 0.2s<0.1s[K                 Class     Images  Instances      Box(P          R      mAP50  mAP50-95): 100% ━━━━━━━━━━━━ 8/8 29.7it/s 0.3s
                   all        239        179      0.909     0.0559     0.0523     0.0235

      Epoch    GPU_mem   box_loss   cls_loss   dfl_loss  Instances       Size
[K     12/100      1.42G      1.643      1.902      1.728         28        512: 2% ──────────── 1/53 1.8it/s 0.2s<29.4s[K     12/100      1.42G      1.567      1.838      1.672         21        512: 6% ╸─────────── 3/53 5.0it/s 0.3s<10.0s[K     12/100      1.42G      1.573      1.837      1.714         19        512: 9% ━─────────── 5/53 7.0it/s 0.5s<6.8s[K     12/100      1.42G      1.516      1.812      1.656         16        512: 13% ━╸────────── 7/53 8.7it/s 0.7s<5.3s[K     12/100      1.42G      1.556      1.874      1.694         22        512: 17% ━━────────── 9/53 9.6it/s 0.8s<4.6s[K     12/100      1.42G      1.581      1.929      1.717         11        512: 21% ━━────────── 11/53 10.5it/s 1.0s<4.0s[K     12/100      1.42G      1.607      1.966      1.742         17        512: 25% ━━╸───────── 13/53 10.9it/s 1.2s<3.7s[K     12/100      1.42G      1.606      1.971       1.74         25        512: 28% ━━━───────── 15/53 11.4it/s 1.3s<3.3s[K     12/100      1.42G      1.644      1.998      1.757         28        512: 32% ━━━╸──────── 17/53 11.5it/s 1.5s<3.1s[K     12/100      1.42G      1.667      2.012       1.77         22        512: 36% ━━━━──────── 19/53 11.8it/s 1.6s<2.9s[K     12/100      1.42G      1.674      2.042      1.771         18        512: 40% ━━━━╸─────── 21/53 11.8it/s 1.8s<2.7s[K     12/100      1.42G      1.678       2.03      1.766         22        512: 43% ━━━━━─────── 23/53 12.0it/s 2.0s<2.5s[K     12/100      1.42G      1.688      2.037       1.77         14        512: 47% ━━━━━╸────── 25/53 11.9it/s 2.1s<2.3s[K     12/100      1.42G      1.685      2.034      1.764         28        512: 51% ━━━━━━────── 27/53 12.1it/s 2.3s<2.1s[K     12/100      1.42G      1.687      2.033      1.764         39        512: 55% ━━━━━━╸───── 29/53 12.0it/s 2.5s<2.0s[K     12/100      1.42G      1.695      2.037      1.762         19        512: 58% ━━━━━━━───── 31/53 12.2it/s 2.6s<1.8s[K     12/100      1.42G      1.699      2.037      1.759         25        512: 62% ━━━━━━━───── 33/53 12.1it/s 2.8s<1.7s[K     12/100      1.42G      1.683      2.028      1.747         17        512: 66% ━━━━━━━╸──── 35/53 12.2it/s 3.0s<1.5s[K     12/100      1.42G      1.683      2.021      1.743         29        512: 70% ━━━━━━━━──── 37/53 12.1it/s 3.1s<1.3s[K     12/100      1.42G      1.682      2.024      1.742         19        512: 74% ━━━━━━━━╸─── 39/53 12.2it/s 3.3s<1.1s[K     12/100      1.42G      1.677      2.029      1.739         22        512: 77% ━━━━━━━━━─── 41/53 12.1it/s 3.5s<1.0s[K     12/100      1.42G      1.671      2.012      1.736         33        512: 81% ━━━━━━━━━╸── 43/53 12.2it/s 3.6s<0.8s[K     12/100      1.42G      1.671      2.007      1.734         17        512: 85% ━━━━━━━━━━── 45/53 12.1it/s 3.8s<0.7s[K     12/100      1.42G      1.672      2.005      1.732         28        512: 89% ━━━━━━━━━━╸─ 47/53 12.2it/s 4.0s<0.5s[K     12/100      1.42G      1.672      2.005      1.733         28        512: 92% ━━━━━━━━━━━─ 49/53 12.1it/s 4.1s<0.3s[K     12/100      1.42G      1.671      2.006       1.73         13        512: 96% ━━━━━━━━━━━╸ 51/53 12.2it/s 4.3s<0.2s[K     12/100      1.42G      1.674      2.012      1.732          7        512: 100% ━━━━━━━━━━━━ 53/53 12.3it/s 4.3s
[K                 Class     Images  Instances      Box(P          R      mAP50  mAP50-95): 38% ━━━━──────── 3/8 8.8it/s 0.1s<0.6s[K                 Class     Images  Instances      Box(P          R      mAP50  mAP50-95): 75% ━━━━━━━━━─── 6/8 14.4it/s 0.2s<0.1s[K                 Class     Images  Instances      Box(P          R      mAP50  mAP50-95): 100% ━━━━━━━━━━━━ 8/8 29.2it/s 0.3s
                   all        239        179      0.667     0.0112       0.01    0.00325

      Epoch    GPU_mem   box_loss   cls_loss   dfl_loss  Instances       Size
[K     13/100      1.42G      1.631      2.126      1.707         18        512: 2% ──────────── 1/53 1.8it/s 0.2s<29.5s[K     13/100      1.42G      1.615      2.002      1.692         22        512: 6% ╸─────────── 3/53 5.0it/s 0.3s<10.1s[K     13/100      1.42G      1.672      2.019      1.723         26        512: 9% ━─────────── 5/53 7.0it/s 0.5s<6.8s[K     13/100      1.42G        1.7      2.041      1.738         30        512: 13% ━╸────────── 7/53 8.6it/s 0.7s<5.3s[K     13/100      1.42G       1.65      2.014      1.712         18        512: 17% ━━────────── 9/53 9.6it/s 0.8s<4.6s[K     13/100      1.42G       1.64      2.001      1.703         25        512: 21% ━━────────── 11/53 10.5it/s 1.0s<4.0s[K     13/100      1.42G      1.637      1.976      1.706         16        512: 25% ━━╸───────── 13/53 10.9it/s 1.2s<3.7s[K     13/100      1.42G      1.639      1.964      1.705         26        512: 28% ━━━───────── 15/53 11.4it/s 1.3s<3.3s[K     13/100      1.42G      1.625      1.936      1.695         27        512: 32% ━━━╸──────── 17/53 11.5it/s 1.5s<3.1s[K     13/100      1.42G      1.644      1.962      1.709         12        512: 36% ━━━━──────── 19/53 11.8it/s 1.6s<2.9s[K     13/100      1.42G      1.644      1.955      1.708         25        512: 40% ━━━━╸─────── 21/53 11.8it/s 1.8s<2.7s[K     13/100      1.42G      1.654      1.972      1.715         32        512: 43% ━━━━━─────── 23/53 12.0it/s 2.0s<2.5s[K     13/100      1.42G      1.646      1.959      1.711         21        512: 47% ━━━━━╸────── 25/53 11.9it/s 2.1s<2.3s[K     13/100      1.42G       1.65      1.955      1.711         23        512: 51% ━━━━━━────── 27/53 12.1it/s 2.3s<2.1s[K     13/100      1.42G      1.654      1.966      1.711         25        512: 55% ━━━━━━╸───── 29/53 12.0it/s 2.5s<2.0s[K     13/100      1.42G       1.65      1.963      1.714         22        512: 58% ━━━━━━━───── 31/53 12.1it/s 2.6s<1.8s[K     13/100      1.42G      1.636      1.961      1.702         18        512: 62% ━━━━━━━───── 33/53 12.0it/s 2.8s<1.7s[K     13/100      1.42G      1.634      1.948      1.703         22        512: 66% ━━━━━━━╸──── 35/53 12.2it/s 3.0s<1.5s[K     13/100      1.42G      1.632      1.943      1.703         25        512: 70% ━━━━━━━━──── 37/53 12.1it/s 3.1s<1.3s[K     13/100      1.42G       1.64      1.944      1.706         27        512: 74% ━━━━━━━━╸─── 39/53 12.2it/s 3.3s<1.1s[K     13/100      1.42G      1.642       1.95      1.707         31        512: 77% ━━━━━━━━━─── 41/53 12.1it/s 3.5s<1.0s[K     13/100      1.42G      1.646      1.956      1.711         17        512: 81% ━━━━━━━━━╸── 43/53 12.2it/s 3.6s<0.8s[K     13/100      1.42G      1.648      1.952       1.71         29        512: 85% ━━━━━━━━━━── 45/53 12.1it/s 3.8s<0.7s[K     13/100      1.42G       1.64      1.944      1.704         21        512: 89% ━━━━━━━━━━╸─ 47/53 12.2it/s 4.0s<0.5s[K     13/100      1.42G      1.643      1.947      1.704         27        512: 92% ━━━━━━━━━━━─ 49/53 12.1it/s 4.1s<0.3s[K     13/100      1.42G       1.65      1.956      1.709         14        512: 96% ━━━━━━━━━━━╸ 51/53 12.2it/s 4.3s<0.2s[K     13/100      1.42G      1.667      1.978      1.722          2        512: 100% ━━━━━━━━━━━━ 53/53 12.2it/s 4.3s
[K                 Class     Images  Instances      Box(P          R      mAP50  mAP50-95): 38% ━━━━──────── 3/8 8.7it/s 0.1s<0.6s[K                 Class     Images  Instances      Box(P          R      mAP50  mAP50-95): 75% ━━━━━━━━━─── 6/8 14.3it/s 0.2s<0.1s[K                 Class     Images  Instances      Box(P          R      mAP50  mAP50-95): 100% ━━━━━━━━━━━━ 8/8 29.5it/s 0.3s
                   all        239        179      0.929     0.0726     0.0696     0.0453

      Epoch    GPU_mem   box_loss   cls_loss   dfl_loss  Instances       Size
[K     14/100      1.42G       1.48      1.971      1.522         27        512: 2% ──────────── 1/53 1.9it/s 0.2s<27.7s[K     14/100      1.42G       1.59      2.056      1.625         14        512: 6% ╸─────────── 3/53 4.8it/s 0.3s<10.3s[K     14/100      1.42G      1.624      2.007      1.641         28        512: 9% ━─────────── 5/53 7.1it/s 0.5s<6.7s[K     14/100      1.42G       1.63      1.984      1.635         29        512: 13% ━╸────────── 7/53 8.5it/s 0.7s<5.4s[K     14/100      1.42G      1.609      1.932      1.621         23        512: 17% ━━────────── 9/53 9.7it/s 0.8s<4.5s[K     14/100      1.42G      1.601      1.931      1.628         25        512: 21% ━━────────── 11/53 10.3it/s 1.0s<4.1s[K     14/100      1.42G      1.606      1.919      1.635         20        512: 25% ━━╸───────── 13/53 11.0it/s 1.1s<3.6s[K     14/100      1.42G      1.586      1.894      1.626         20        512: 28% ━━━───────── 15/53 11.2it/s 1.3s<3.4s[K     14/100      1.42G      1.613      1.907      1.644         19        512: 32% ━━━╸──────── 17/53 11.6it/s 1.5s<3.1s[K     14/100      1.42G      1.654      1.932      1.659         15        512: 36% ━━━━──────── 19/53 11.7it/s 1.6s<2.9s[K     14/100      1.42G       1.69      1.956      1.681         27        512: 40% ━━━━╸─────── 21/53 11.9it/s 1.8s<2.7s[K     14/100      1.42G      1.688      1.954      1.674         20        512: 43% ━━━━━─────── 23/53 11.9it/s 2.0s<2.5s[K     14/100      1.42G      1.667      1.937      1.667         19        512: 47% ━━━━━╸────── 25/53 12.1it/s 2.1s<2.3s[K     14/100      1.42G      1.662      1.928      1.663         24        512: 51% ━━━━━━────── 27/53 12.0it/s 2.3s<2.2s[K     14/100      1.42G      1.666      1.924      1.664         15        512: 55% ━━━━━━╸───── 29/53 12.1it/s 2.5s<2.0s[K     14/100      1.42G      1.668       1.93       1.67         29        512: 58% ━━━━━━━───── 31/53 12.0it/s 2.6s<1.8s[K     14/100      1.42G      1.669      1.941      1.675         24        512: 62% ━━━━━━━───── 33/53 12.2it/s 2.8s<1.6s[K     14/100      1.42G      1.657      1.923      1.669         31        512: 66% ━━━━━━━╸──── 35/53 12.0it/s 3.0s<1.5s[K     14/100      1.42G      1.661      1.929      1.672         37        512: 70% ━━━━━━━━──── 37/53 12.2it/s 3.1s<1.3s[K     14/100      1.42G      1.651      1.918      1.663         21        512: 74% ━━━━━━━━╸─── 39/53 12.1it/s 3.3s<1.2s[K     14/100      1.42G      1.649       1.92      1.665         18        512: 77% ━━━━━━━━━─── 41/53 12.2it/s 3.5s<1.0s[K     14/100      1.42G      1.653      1.916      1.666         26        512: 81% ━━━━━━━━━╸── 43/53 12.1it/s 3.6s<0.8s[K     14/100      1.42G      1.653      1.924      1.669         17        512: 85% ━━━━━━━━━━── 45/53 12.2it/s 3.8s<0.7s[K     14/100      1.42G       1.65      1.924      1.666         45        512: 89% ━━━━━━━━━━╸─ 47/53 12.1it/s 4.0s<0.5s[K     14/100      1.42G      1.644      1.917      1.663         18        512: 92% ━━━━━━━━━━━─ 49/53 12.2it/s 4.1s<0.3s[K     14/100      1.42G      1.649      1.922      1.666         19        512: 96% ━━━━━━━━━━━╸ 51/53 12.1it/s 4.3s<0.2s[K     14/100      1.42G      1.659      1.932      1.676          7        512: 100% ━━━━━━━━━━━━ 53/53 12.2it/s 4.3s
[K                 Class     Images  Instances      Box(P          R      mAP50  mAP50-95): 38% ━━━━──────── 3/8 8.8it/s 0.1s<0.6s[K                 Class     Images  Instances      Box(P          R      mAP50  mAP50-95): 75% ━━━━━━━━━─── 6/8 14.6it/s 0.2s<0.1s[K                 Class     Images  Instances      Box(P          R      mAP50  mAP50-95): 100% ━━━━━━━━━━━━ 8/8 29.9it/s 0.3s
                   all        239        179      0.429     0.0168    0.00643    0.00317

      Epoch    GPU_mem   box_loss   cls_loss   dfl_loss  Instances       Size
[K     15/100      1.42G      1.536      1.889       1.62         22        512: 2% ──────────── 1/53 1.9it/s 0.2s<27.8s[K     15/100      1.42G      1.497      1.852      1.617         19        512: 6% ╸─────────── 3/53 4.9it/s 0.3s<10.3s[K     15/100      1.42G      1.501      1.901      1.572         27        512: 9% ━─────────── 5/53 7.1it/s 0.5s<6.7s[K     15/100      1.42G      1.548      1.966        1.6         18        512: 13% ━╸────────── 7/53 8.5it/s 0.7s<5.4s[K     15/100      1.42G      1.586      1.976      1.626         20        512: 17% ━━────────── 9/53 9.7it/s 0.8s<4.5s[K     15/100      1.42G      1.578      1.933      1.615         23        512: 21% ━━────────── 11/53 10.3it/s 1.0s<4.1s[K     15/100      1.42G      1.604      1.922      1.632         26        512: 25% ━━╸───────── 13/53 11.0it/s 1.2s<3.6s[K     15/100      1.42G      1.614      1.931      1.648         19        512: 28% ━━━───────── 15/53 11.2it/s 1.3s<3.4s[K     15/100      1.42G      1.609       1.93      1.653         21        512: 32% ━━━╸──────── 17/53 11.6it/s 1.5s<3.1s[K     15/100      1.42G      1.632      1.943      1.664         21        512: 36% ━━━━──────── 19/53 11.7it/s 1.6s<2.9s[K     15/100      1.42G       1.63      1.953      1.664         25        512: 40% ━━━━╸─────── 21/53 11.9it/s 1.8s<2.7s[K     15/100      1.42G      1.644      1.989      1.664         16        512: 43% ━━━━━─────── 23/53 11.9it/s 2.0s<2.5s[K     15/100      1.42G       1.65      1.985       1.67         22        512: 47% ━━━━━╸────── 25/53 12.1it/s 2.1s<2.3s[K     15/100      1.42G      1.649      1.989      1.676         22        512: 51% ━━━━━━────── 27/53 12.0it/s 2.3s<2.2s[K     15/100      1.42G      1.645      1.987      1.673         32        512: 55% ━━━━━━╸───── 29/53 12.1it/s 2.5s<2.0s[K     15/100      1.42G      1.634      1.978      1.666         25        512: 58% ━━━━━━━───── 31/53 12.0it/s 2.6s<1.8s[K     15/100      1.42G      1.627      1.973      1.659         24        512: 62% ━━━━━━━───── 33/53 12.2it/s 2.8s<1.6s[K     15/100      1.42G      1.625      1.975      1.665         19        512: 66% ━━━━━━━╸──── 35/53 12.1it/s 3.0s<1.5s[K     15/100      1.42G      1.613      1.969       1.66         22        512: 70% ━━━━━━━━──── 37/53 12.2it/s 3.1s<1.3s[K     15/100      1.42G      1.611      1.962       1.66         15        512: 74% ━━━━━━━━╸─── 39/53 12.1it/s 3.3s<1.2s[K     15/100      1.42G      1.614      1.965      1.662         26        512: 77% ━━━━━━━━━─── 41/53 12.2it/s 3.5s<1.0s[K     15/100      1.42G      1.615      1.959      1.662         21        512: 81% ━━━━━━━━━╸── 43/53 12.1it/s 3.6s<0.8s[K     15/100      1.42G      1.626      1.973      1.671         32        512: 85% ━━━━━━━━━━── 45/53 12.2it/s 3.8s<0.7s[K     15/100      1.42G      1.621      1.964      1.669         24        512: 89% ━━━━━━━━━━╸─ 47/53 12.1it/s 4.0s<0.5s[K     15/100      1.42G      1.619      1.958      1.668         18        512: 92% ━━━━━━━━━━━─ 49/53 12.2it/s 4.1s<0.3s[K     15/100      1.42G      1.619      1.963      1.669         22        512: 96% ━━━━━━━━━━━╸ 51/53 12.1it/s 4.3s<0.2s[K     15/100      1.42G      1.611      1.954      1.666          5        512: 100% ━━━━━━━━━━━━ 53/53 12.2it/s 4.3s
[K                 Class     Images  Instances      Box(P          R      mAP50  mAP50-95): 38% ━━━━──────── 3/8 8.6it/s 0.1s<0.6s[K                 Class     Images  Instances      Box(P          R      mAP50  mAP50-95): 75% ━━━━━━━━━─── 6/8 14.6it/s 0.2s<0.1s[K                 Class     Images  Instances      Box(P          R      mAP50  mAP50-95): 100% ━━━━━━━━━━━━ 8/8 30.0it/s 0.3s
                   all        239        179      0.857     0.0335     0.0336     0.0167

      Epoch    GPU_mem   box_loss   cls_loss   dfl_loss  Instances       Size
[K     16/100      1.42G       1.66       1.78      1.679         30        512: 2% ──────────── 1/53 1.8it/s 0.2s<29.4s[K     16/100      1.42G        1.8      2.036      1.741         28        512: 6% ╸─────────── 3/53 5.0it/s 0.3s<10.0s[K     16/100      1.42G       1.68      1.987      1.665         19        512: 9% ━─────────── 5/53 7.0it/s 0.5s<6.8s[K     16/100      1.42G      1.655      1.952      1.666         24        512: 13% ━╸────────── 7/53 8.7it/s 0.7s<5.3s[K     16/100      1.42G      1.649      1.954      1.651         28        512: 17% ━━────────── 9/53 9.6it/s 0.8s<4.6s[K     16/100      1.42G      1.651      1.994      1.658         17        512: 21% ━━────────── 11/53 10.5it/s 1.0s<4.0s[K     16/100      1.42G       1.63      1.965      1.659         23        512: 25% ━━╸───────── 13/53 10.9it/s 1.2s<3.7s[K     16/100      1.42G      1.618      1.953      1.649         30        512: 28% ━━━───────── 15/53 11.4it/s 1.3s<3.3s[K     16/100      1.42G      1.622      1.988      1.649         24        512: 32% ━━━╸──────── 17/53 11.5it/s 1.5s<3.1s[K     16/100      1.42G      1.622      2.006      1.651         21        512: 36% ━━━━──────── 19/53 11.8it/s 1.6s<2.9s[K     16/100      1.42G       1.64      2.001      1.659         37        512: 40% ━━━━╸─────── 21/53 11.8it/s 1.8s<2.7s[K     16/100      1.42G      1.637      1.981      1.659         17        512: 43% ━━━━━─────── 23/53 12.0it/s 2.0s<2.5s[K     16/100      1.42G      1.631      1.962      1.658         17        512: 47% ━━━━━╸────── 25/53 11.9it/s 2.1s<2.3s[K     16/100      1.42G      1.628      1.964      1.657         21        512: 51% ━━━━━━────── 27/53 12.1it/s 2.3s<2.1s[K     16/100      1.42G      1.611      1.953      1.647         19        512: 55% ━━━━━━╸───── 29/53 12.0it/s 2.5s<2.0s[K     16/100      1.42G      1.597       1.94      1.639         25        512: 58% ━━━━━━━───── 31/53 12.2it/s 2.6s<1.8s[K     16/100      1.42G       1.59      1.926      1.641         14        512: 62% ━━━━━━━───── 33/53 12.0it/s 2.8s<1.7s[K     16/100      1.42G       1.59      1.929      1.644         25        512: 66% ━━━━━━━╸──── 35/53 12.2it/s 3.0s<1.5s[K     16/100      1.42G      1.595      1.937      1.649         24        512: 70% ━━━━━━━━──── 37/53 12.1it/s 3.1s<1.3s[K     16/100      1.42G      1.598      1.932      1.649         28        512: 74% ━━━━━━━━╸─── 39/53 12.2it/s 3.3s<1.1s[K     16/100      1.42G      1.611      1.944      1.657         22        512: 77% ━━━━━━━━━─── 41/53 12.1it/s 3.5s<1.0s[K     16/100      1.42G      1.619      1.946      1.665         21        512: 81% ━━━━━━━━━╸── 43/53 12.2it/s 3.6s<0.8s[K     16/100      1.42G      1.619      1.934      1.664         27        512: 85% ━━━━━━━━━━── 45/53 12.1it/s 3.8s<0.7s[K     16/100      1.42G      1.607      1.918      1.657         20        512: 89% ━━━━━━━━━━╸─ 47/53 12.2it/s 4.0s<0.5s[K     16/100      1.42G      1.604      1.911      1.659         18        512: 92% ━━━━━━━━━━━─ 49/53 12.1it/s 4.1s<0.3s[K     16/100      1.42G      1.604      1.912      1.657         24        512: 96% ━━━━━━━━━━━╸ 51/53 12.2it/s 4.3s<0.2s[K     16/100      1.42G      1.608      1.913      1.657          8        512: 100% ━━━━━━━━━━━━ 53/53 12.2it/s 4.3s
[K                 Class     Images  Instances      Box(P          R      mAP50  mAP50-95): 38% ━━━━──────── 3/8 8.2it/s 0.1s<0.6s[K                 Class     Images  Instances      Box(P          R      mAP50  mAP50-95): 75% ━━━━━━━━━─── 6/8 13.4it/s 0.2s<0.1s[K                 Class     Images  Instances      Box(P          R      mAP50  mAP50-95): 100% ━━━━━━━━━━━━ 8/8 27.7it/s 0.3s
                   all        239        179      0.739       0.19      0.165      0.085

      Epoch    GPU_mem   box_loss   cls_loss   dfl_loss  Instances       Size
[K     17/100      1.42G      1.879      2.157      1.746         22        512: 2% ──────────── 1/53 1.8it/s 0.2s<29.3s[K     17/100      1.42G      1.698      1.981      1.704         17        512: 6% ╸─────────── 3/53 5.0it/s 0.3s<10.0s[K     17/100      1.42G      1.703      2.016      1.699         29        512: 9% ━─────────── 5/53 7.0it/s 0.5s<6.8s[K     17/100      1.42G      1.668      2.057      1.674         18        512: 13% ━╸────────── 7/53 8.7it/s 0.7s<5.3s[K     17/100      1.42G      1.677      2.083      1.685         10        512: 17% ━━────────── 9/53 9.6it/s 0.8s<4.6s[K     17/100      1.42G       1.67      2.063      1.699         24        512: 21% ━━────────── 11/53 10.5it/s 1.0s<4.0s[K     17/100      1.42G        1.7       2.08      1.717         27        512: 25% ━━╸───────── 13/53 10.9it/s 1.2s<3.7s[K     17/100      1.42G      1.701      2.047      1.708         26        512: 28% ━━━───────── 15/53 11.3it/s 1.3s<3.4s[K     17/100      1.42G      1.686      2.018      1.697         22        512: 32% ━━━╸──────── 17/53 11.5it/s 1.5s<3.1s[K     17/100      1.42G      1.683      2.039      1.705         21        512: 36% ━━━━──────── 19/53 11.5it/s 1.7s<2.9s[K     17/100      1.42G       1.69      2.028      1.706         23        512: 40% ━━━━╸─────── 21/53 11.6it/s 1.8s<2.8s[K     17/100      1.42G      1.685      2.011      1.702         23        512: 43% ━━━━━─────── 23/53 11.9it/s 2.0s<2.5s[K     17/100      1.42G      1.673      1.996      1.692         18        512: 47% ━━━━━╸────── 25/53 11.9it/s 2.2s<2.4s[K     17/100      1.42G      1.675      1.991       1.69         28        512: 51% ━━━━━━────── 27/53 12.0it/s 2.3s<2.2s[K     17/100      1.42G      1.669      1.976      1.689         14        512: 55% ━━━━━━╸───── 29/53 12.0it/s 2.5s<2.0s[K     17/100      1.42G      1.655       1.96      1.686         21        512: 58% ━━━━━━━───── 31/53 12.1it/s 2.6s<1.8s[K     17/100      1.42G      1.667      1.969      1.691         23        512: 62% ━━━━━━━───── 33/53 12.0it/s 2.8s<1.7s[K     17/100      1.42G      1.663      1.963      1.694         25        512: 66% ━━━━━━━╸──── 35/53 12.1it/s 3.0s<1.5s[K     17/100      1.42G      1.664      1.957      1.693         27        512: 70% ━━━━━━━━──── 37/53 12.0it/s 3.1s<1.3s[K     17/100      1.42G      1.656      1.959      1.686         21        512: 74% ━━━━━━━━╸─── 39/53 12.2it/s 3.3s<1.2s[K     17/100      1.42G      1.656      1.955      1.685         20        512: 77% ━━━━━━━━━─── 41/53 12.1it/s 3.5s<1.0s[K     17/100      1.42G      1.647      1.943      1.682         26        512: 81% ━━━━━━━━━╸── 43/53 12.2it/s 3.6s<0.8s[K     17/100      1.42G       1.65      1.945      1.682         24        512: 85% ━━━━━━━━━━── 45/53 12.1it/s 3.8s<0.7s[K     17/100      1.42G      1.644      1.932      1.676         25        512: 89% ━━━━━━━━━━╸─ 47/53 12.2it/s 4.0s<0.5s[K     17/100      1.42G      1.637      1.925      1.673         18        512: 92% ━━━━━━━━━━━─ 49/53 12.1it/s 4.1s<0.3s[K     17/100      1.42G      1.634      1.922      1.675         18        512: 96% ━━━━━━━━━━━╸ 51/53 12.2it/s 4.3s<0.2s[K     17/100      1.42G      1.627      1.916      1.673          3        512: 100% ━━━━━━━━━━━━ 53/53 12.2it/s 4.4s
[K                 Class     Images  Instances      Box(P          R      mAP50  mAP50-95): 38% ━━━━──────── 3/8 8.0it/s 0.1s<0.6s[K                 Class     Images  Instances      Box(P          R      mAP50  mAP50-95): 75% ━━━━━━━━━─── 6/8 12.9it/s 0.2s<0.2s[K                 Class     Images  Instances      Box(P          R      mAP50  mAP50-95): 100% ━━━━━━━━━━━━ 8/8 26.8it/s 0.3s
                   all        239        179      0.766      0.274      0.246      0.111

      Epoch    GPU_mem   box_loss   cls_loss   dfl_loss  Instances       Size
[K     18/100      1.42G      1.435      1.629      1.568         20        512: 2% ──────────── 1/53 1.9it/s 0.2s<27.7s[K     18/100      1.42G       1.46      1.693      1.607         24        512: 6% ╸─────────── 3/53 4.8it/s 0.3s<10.3s[K     18/100      1.42G      1.481      1.767       1.61         24        512: 9% ━─────────── 5/53 7.1it/s 0.5s<6.7s[K     18/100      1.42G      1.478      1.797        1.6         22        512: 13% ━╸────────── 7/53 8.5it/s 0.7s<5.4s[K     18/100      1.42G      1.452      1.755      1.585         18        512: 17% ━━────────── 9/53 9.7it/s 0.8s<4.5s[K     18/100      1.42G       1.43      1.735      1.571         15        512: 21% ━━────────── 11/53 10.3it/s 1.0s<4.1s[K     18/100      1.42G      1.452      1.738      1.594         18        512: 25% ━━╸───────── 13/53 11.0it/s 1.2s<3.6s[K     18/100      1.42G      1.472      1.744      1.589         24        512: 28% ━━━───────── 15/53 11.2it/s 1.3s<3.4s[K     18/100      1.42G      1.515      1.784      1.607         25        512: 32% ━━━╸──────── 17/53 11.6it/s 1.5s<3.1s[K     18/100      1.42G       1.53      1.789      1.613         18        512: 36% ━━━━──────── 19/53 11.7it/s 1.7s<2.9s[K     18/100      1.42G      1.559      1.836      1.637         14        512: 40% ━━━━╸─────── 21/53 11.9it/s 1.8s<2.7s[K     18/100      1.42G      1.555      1.833      1.641         17        512: 43% ━━━━━─────── 23/53 11.9it/s 2.0s<2.5s[K     18/100      1.42G      1.548       1.84      1.637         19        512: 47% ━━━━━╸────── 25/53 12.1it/s 2.1s<2.3s[K     18/100      1.42G       1.55      1.844       1.63         27        512: 51% ━━━━━━────── 27/53 12.0it/s 2.3s<2.2s[K     18/100      1.42G      1.566      1.867      1.637         17        512: 55% ━━━━━━╸───── 29/53 12.1it/s 2.5s<2.0s[K     18/100      1.42G      1.572      1.872      1.641         24        512: 58% ━━━━━━━───── 31/53 12.0it/s 2.6s<1.8s[K     18/100      1.42G      1.587       1.87      1.655         19        512: 62% ━━━━━━━───── 33/53 12.2it/s 2.8s<1.6s[K     18/100      1.42G        1.6      1.881      1.663         18        512: 66% ━━━━━━━╸──── 35/53 12.0it/s 3.0s<1.5s[K     18/100      1.42G      1.601      1.882      1.667         22        512: 70% ━━━━━━━━──── 37/53 12.2it/s 3.1s<1.3s[K     18/100      1.42G      1.605       1.88      1.667         30        512: 74% ━━━━━━━━╸─── 39/53 12.1it/s 3.3s<1.2s[K     18/100      1.42G      1.606      1.894      1.671         27        512: 77% ━━━━━━━━━─── 41/53 12.2it/s 3.5s<1.0s[K     18/100      1.42G      1.603      1.893       1.67         24        512: 81% ━━━━━━━━━╸── 43/53 12.1it/s 3.6s<0.8s[K     18/100      1.42G       1.62      1.909      1.679         14        512: 85% ━━━━━━━━━━── 45/53 12.2it/s 3.8s<0.7s[K     18/100      1.42G      1.622      1.912      1.685         29        512: 89% ━━━━━━━━━━╸─ 47/53 12.1it/s 4.0s<0.5s[K     18/100      1.42G      1.627      1.908      1.688         13        512: 92% ━━━━━━━━━━━─ 49/53 12.2it/s 4.1s<0.3s[K     18/100      1.42G      1.627      1.909      1.686         31        512: 96% ━━━━━━━━━━━╸ 51/53 12.1it/s 4.3s<0.2s[K     18/100      1.42G      1.623      1.903      1.687          5        512: 100% ━━━━━━━━━━━━ 53/53 12.2it/s 4.3s
[K                 Class     Images  Instances      Box(P          R      mAP50  mAP50-95): 38% ━━━━──────── 3/8 8.7it/s 0.1s<0.6s[K                 Class     Images  Instances      Box(P          R      mAP50  mAP50-95): 75% ━━━━━━━━━─── 6/8 14.6it/s 0.2s<0.1s[K                 Class     Images  Instances      Box(P          R      mAP50  mAP50-95): 100% ━━━━━━━━━━━━ 8/8 30.0it/s 0.3s
                   all        239        179       0.75     0.0168      0.015    0.00617

      Epoch    GPU_mem   box_loss   cls_loss   dfl_loss  Instances       Size
[K     19/100      1.42G      1.717      1.986      1.671         26        512: 2% ──────────── 1/53 1.9it/s 0.2s<27.9s[K     19/100      1.42G      1.677      1.895       1.67         18        512: 6% ╸─────────── 3/53 4.8it/s 0.3s<10.3s[K     19/100      1.42G      1.718      1.982      1.727         26        512: 9% ━─────────── 5/53 7.1it/s 0.5s<6.7s[K     19/100      1.42G      1.786      1.998      1.741         28        512: 13% ━╸────────── 7/53 8.5it/s 0.7s<5.4s[K     19/100      1.42G       1.81      2.007      1.745         23        512: 17% ━━────────── 9/53 9.7it/s 0.8s<4.5s[K     19/100      1.42G      1.788      1.971      1.735         19        512: 21% ━━────────── 11/53 10.3it/s 1.0s<4.1s[K     19/100      1.42G      1.757      1.974      1.733         22        512: 25% ━━╸───────── 13/53 11.0it/s 1.2s<3.6s[K     19/100      1.42G       1.73      1.967      1.726         22        512: 28% ━━━───────── 15/53 11.2it/s 1.3s<3.4s[K     19/100      1.42G      1.704      1.959      1.715         25        512: 32% ━━━╸──────── 17/53 11.6it/s 1.5s<3.1s[K     19/100      1.42G      1.724      1.982      1.726         24        512: 36% ━━━━──────── 19/53 11.7it/s 1.6s<2.9s[K     19/100      1.42G      1.701      1.967      1.709         28        512: 40% ━━━━╸─────── 21/53 11.9it/s 1.8s<2.7s[K     19/100      1.42G      1.702      1.974      1.723         21        512: 43% ━━━━━─────── 23/53 11.9it/s 2.0s<2.5s[K     19/100      1.42G       1.69      1.965       1.71         17        512: 47% ━━━━━╸────── 25/53 12.1it/s 2.1s<2.3s[K     19/100      1.42G      1.697      1.968      1.712         33        512: 51% ━━━━━━────── 27/53 12.0it/s 2.3s<2.2s[K     19/100      1.42G      1.701      1.964      1.712         29        512: 55% ━━━━━━╸───── 29/53 12.1it/s 2.5s<2.0s[K     19/100      1.42G      1.702      1.974      1.713         19        512: 58% ━━━━━━━───── 31/53 12.0it/s 2.6s<1.8s[K     19/100      1.42G      1.683      1.961      1.704         21        512: 62% ━━━━━━━───── 33/53 12.2it/s 2.8s<1.6s[K     19/100      1.42G       1.68      1.959      1.702         27        512: 66% ━━━━━━━╸──── 35/53 12.1it/s 3.0s<1.5s[K     19/100      1.42G      1.681      1.948      1.701         27        512: 70% ━━━━━━━━──── 37/53 12.2it/s 3.1s<1.3s[K     19/100      1.42G      1.671      1.937      1.696         25        512: 74% ━━━━━━━━╸─── 39/53 12.1it/s 3.3s<1.2s[K     19/100      1.42G      1.662      1.939      1.689         14        512: 77% ━━━━━━━━━─── 41/53 12.2it/s 3.5s<1.0s[K     19/100      1.42G      1.663      1.935      1.689         24        512: 81% ━━━━━━━━━╸── 43/53 12.1it/s 3.6s<0.8s[K     19/100      1.42G      1.672      1.933      1.687         24        512: 85% ━━━━━━━━━━── 45/53 12.2it/s 3.8s<0.7s[K     19/100      1.42G      1.667      1.946      1.684         15        512: 89% ━━━━━━━━━━╸─ 47/53 12.1it/s 4.0s<0.5s[K     19/100      1.42G      1.668      1.946      1.685         25        512: 92% ━━━━━━━━━━━─ 49/53 12.2it/s 4.1s<0.3s[K     19/100      1.42G      1.664      1.937      1.683         29        512: 96% ━━━━━━━━━━━╸ 51/53 12.1it/s 4.3s<0.2s[K     19/100      1.42G      1.667      1.938      1.683          9        512: 100% ━━━━━━━━━━━━ 53/53 12.2it/s 4.3s
[K                 Class     Images  Instances      Box(P          R      mAP50  mAP50-95): 38% ━━━━──────── 3/8 8.1it/s 0.1s<0.6s[K                 Class     Images  Instances      Box(P          R      mAP50  mAP50-95): 75% ━━━━━━━━━─── 6/8 13.0it/s 0.2s<0.2s[K                 Class     Images  Instances      Box(P          R      mAP50  mAP50-95): 100% ━━━━━━━━━━━━ 8/8 27.2it/s 0.3s
                   all        239        179      0.656      0.235      0.178     0.0538

      Epoch    GPU_mem   box_loss   cls_loss   dfl_loss  Instances       Size
[K     20/100      1.42G      1.702      1.867      1.677         18        512: 2% ──────────── 1/53 1.8it/s 0.2s<29.4s[K     20/100      1.42G      1.625      1.897      1.666         19        512: 6% ╸─────────── 3/53 5.0it/s 0.3s<10.0s[K     20/100      1.42G      1.584      1.882      1.653         27        512: 9% ━─────────── 5/53 7.0it/s 0.5s<6.8s[K     20/100      1.42G       1.56      1.836      1.626         27        512: 13% ━╸────────── 7/53 8.7it/s 0.7s<5.3s[K     20/100      1.42G       1.55      1.867      1.611         16        512: 17% ━━────────── 9/53 9.6it/s 0.8s<4.6s[K     20/100      1.42G      1.539      1.814      1.592         19        512: 21% ━━────────── 11/53 10.5it/s 1.0s<4.0s[K     20/100      1.42G      1.498      1.773      1.583         16        512: 25% ━━╸───────── 13/53 10.9it/s 1.2s<3.7s[K     20/100      1.42G       1.52        1.8      1.591         16        512: 28% ━━━───────── 15/53 11.3it/s 1.3s<3.3s[K     20/100      1.42G      1.495      1.785      1.596          7        512: 32% ━━━╸──────── 17/53 11.5it/s 1.5s<3.1s[K     20/100      1.42G      1.504      1.795      1.592         27        512: 36% ━━━━──────── 19/53 11.8it/s 1.6s<2.9s[K     20/100      1.42G      1.512      1.809      1.603         24        512: 40% ━━━━╸─────── 21/53 11.8it/s 1.8s<2.7s[K     20/100      1.42G      1.535      1.833       1.62         30        512: 43% ━━━━━─────── 23/53 12.0it/s 2.0s<2.5s[K     20/100      1.42G      1.543      1.827      1.627         12        512: 47% ━━━━━╸────── 25/53 11.9it/s 2.1s<2.3s[K     20/100      1.42G      1.534      1.822      1.618         21        512: 51% ━━━━━━────── 27/53 12.1it/s 2.3s<2.1s[K     20/100      1.42G      1.534      1.829      1.615         18        512: 55% ━━━━━━╸───── 29/53 12.0it/s 2.5s<2.0s[K     20/100      1.42G      1.527      1.821      1.612         15        512: 58% ━━━━━━━───── 31/53 12.2it/s 2.6s<1.8s[K     20/100      1.42G      1.539      1.828      1.616         18        512: 62% ━━━━━━━───── 33/53 12.0it/s 2.8s<1.7s[K     20/100      1.42G       1.54      1.824      1.622         14        512: 66% ━━━━━━━╸──── 35/53 12.2it/s 3.0s<1.5s[K     20/100      1.42G      1.538      1.823      1.618         27        512: 70% ━━━━━━━━──── 37/53 12.1it/s 3.1s<1.3s[K     20/100      1.42G      1.528      1.818      1.609         17        512: 74% ━━━━━━━━╸─── 39/53 12.2it/s 3.3s<1.1s[K     20/100      1.42G      1.533      1.829      1.613         23        512: 77% ━━━━━━━━━─── 41/53 12.1it/s 3.5s<1.0s[K     20/100      1.42G      1.536       1.82      1.613         19        512: 81% ━━━━━━━━━╸── 43/53 12.2it/s 3.6s<0.8s[K     20/100      1.42G      1.533      1.826      1.611         23        512: 85% ━━━━━━━━━━── 45/53 12.1it/s 3.8s<0.7s[K     20/100      1.42G       1.54      1.836      1.614         25        512: 89% ━━━━━━━━━━╸─ 47/53 12.2it/s 4.0s<0.5s[K     20/100      1.42G      1.532      1.829      1.607         17        512: 92% ━━━━━━━━━━━─ 49/53 12.1it/s 4.1s<0.3s[K     20/100      1.42G      1.536      1.827      1.609         22        512: 96% ━━━━━━━━━━━╸ 51/53 12.2it/s 4.3s<0.2s[K     20/100      1.42G      1.534      1.824      1.607          7        512: 100% ━━━━━━━━━━━━ 53/53 12.2it/s 4.3s
[K                 Class     Images  Instances      Box(P          R      mAP50  mAP50-95): 38% ━━━━──────── 3/8 8.1it/s 0.1s<0.6s[K                 Class     Images  Instances      Box(P          R      mAP50  mAP50-95): 75% ━━━━━━━━━─── 6/8 13.4it/s 0.2s<0.1s[K                 Class     Images  Instances      Box(P          R      mAP50  mAP50-95): 100% ━━━━━━━━━━━━ 8/8 27.5it/s 0.3s
                   all        239        179      0.792      0.212       0.19     0.0772

      Epoch    GPU_mem   box_loss   cls_loss   dfl_loss  Instances       Size
[K     21/100      1.42G      1.655      1.714      1.654         26        512: 2% ──────────── 1/53 1.8it/s 0.2s<29.3s[K     21/100      1.42G      1.719      1.906      1.699         24        512: 6% ╸─────────── 3/53 5.0it/s 0.3s<10.0s[K     21/100      1.42G      1.713      1.892        1.7         23        512: 9% ━─────────── 5/53 7.0it/s 0.5s<6.8s[K     21/100      1.42G      1.661      1.875      1.681         22        512: 13% ━╸────────── 7/53 8.7it/s 0.7s<5.3s[K     21/100      1.42G      1.667       1.88      1.703         27        512: 17% ━━────────── 9/53 9.6it/s 0.8s<4.6s[K     21/100      1.42G      1.695      1.894      1.704         29        512: 21% ━━────────── 11/53 10.5it/s 1.0s<4.0s[K     21/100      1.42G      1.681      1.878      1.702         24        512: 25% ━━╸───────── 13/53 10.9it/s 1.2s<3.7s[K     21/100      1.42G      1.702        1.9      1.713         24        512: 28% ━━━───────── 15/53 11.3it/s 1.3s<3.3s[K     21/100      1.42G       1.69      1.904      1.708         35        512: 32% ━━━╸──────── 17/53 11.5it/s 1.5s<3.1s[K     21/100      1.42G      1.684      1.894        1.7         29        512: 36% ━━━━──────── 19/53 11.8it/s 1.6s<2.9s[K     21/100      1.42G      1.678      1.891      1.695         25        512: 40% ━━━━╸─────── 21/53 11.8it/s 1.8s<2.7s[K     21/100      1.42G      1.674      1.898      1.693         21        512: 43% ━━━━━─────── 23/53 12.0it/s 2.0s<2.5s[K     21/100      1.42G      1.664      1.906      1.689         14        512: 47% ━━━━━╸────── 25/53 11.9it/s 2.1s<2.3s[K     21/100      1.42G      1.655      1.905      1.684         24        512: 51% ━━━━━━────── 27/53 12.1it/s 2.3s<2.2s[K     21/100      1.42G      1.656       1.91      1.687         14        512: 55% ━━━━━━╸───── 29/53 12.0it/s 2.5s<2.0s[K     21/100      1.42G      1.665       1.94        1.7         15        512: 58% ━━━━━━━───── 31/53 12.1it/s 2.6s<1.8s[K     21/100      1.42G      1.665      1.952      1.699         30        512: 62% ━━━━━━━───── 33/53 12.0it/s 2.8s<1.7s[K     21/100      1.42G      1.659      1.952      1.697         28        512: 66% ━━━━━━━╸──── 35/53 12.2it/s 3.0s<1.5s[K     21/100      1.42G      1.655      1.946      1.694         32        512: 70% ━━━━━━━━──── 37/53 12.1it/s 3.1s<1.3s[K     21/100      1.42G      1.649      1.936      1.689         21        512: 74% ━━━━━━━━╸─── 39/53 12.2it/s 3.3s<1.2s[K     21/100      1.42G      1.652      1.938       1.69         21        512: 77% ━━━━━━━━━─── 41/53 12.1it/s 3.5s<1.0s[K     21/100      1.42G      1.647      1.933      1.687         23        512: 81% ━━━━━━━━━╸── 43/53 12.2it/s 3.6s<0.8s[K     21/100      1.42G      1.638      1.926       1.68         32        512: 85% ━━━━━━━━━━── 45/53 12.1it/s 3.8s<0.7s[K     21/100      1.42G      1.632      1.921      1.675         24        512: 89% ━━━━━━━━━━╸─ 47/53 12.2it/s 4.0s<0.5s[K     21/100      1.42G      1.631      1.914      1.673         36        512: 92% ━━━━━━━━━━━─ 49/53 12.1it/s 4.1s<0.3s[K     21/100      1.42G      1.631      1.913      1.676         23        512: 96% ━━━━━━━━━━━╸ 51/53 12.2it/s 4.3s<0.2s[K     21/100      1.42G      1.626      1.907      1.673          7        512: 100% ━━━━━━━━━━━━ 53/53 12.2it/s 4.3s
[K                 Class     Images  Instances      Box(P          R      mAP50  mAP50-95): 38% ━━━━──────── 3/8 8.4it/s 0.1s<0.6s[K                 Class     Images  Instances      Box(P          R      mAP50  mAP50-95): 75% ━━━━━━━━━─── 6/8 13.7it/s 0.2s<0.1s[K                 Class     Images  Instances      Box(P          R      mAP50  mAP50-95): 100% ━━━━━━━━━━━━ 8/8 28.4it/s 0.3s
                   all        239        179      0.806       0.14      0.131      0.081

      Epoch    GPU_mem   box_loss   cls_loss   dfl_loss  Instances       Size
[K     22/100      1.42G      1.524      1.916      1.641         28        512: 2% ──────────── 1/53 1.9it/s 0.2s<27.7s[K     22/100      1.42G      1.555      1.957      1.621         19        512: 6% ╸─────────── 3/53 4.8it/s 0.3s<10.3s[K     22/100      1.42G      1.499      1.922      1.595         30        512: 9% ━─────────── 5/53 7.2it/s 0.5s<6.7s[K     22/100      1.42G      1.562      1.917      1.663         18        512: 13% ━╸────────── 7/53 8.5it/s 0.7s<5.4s[K     22/100      1.42G      1.556      1.879      1.667         22        512: 17% ━━────────── 9/53 9.7it/s 0.8s<4.5s[K     22/100      1.42G      1.545      1.865       1.66         18        512: 21% ━━────────── 11/53 10.3it/s 1.0s<4.1s[K     22/100      1.42G      1.521      1.853      1.642         29        512: 25% ━━╸───────── 13/53 11.0it/s 1.1s<3.6s[K     22/100      1.42G      1.522      1.848      1.649         18        512: 28% ━━━───────── 15/53 11.2it/s 1.3s<3.4s[K     22/100      1.42G      1.539       1.85      1.657         30        512: 32% ━━━╸──────── 17/53 11.6it/s 1.5s<3.1s[K     22/100      1.42G       1.56      1.835      1.662         21        512: 36% ━━━━──────── 19/53 11.7it/s 1.6s<2.9s[K     22/100      1.42G      1.545      1.818      1.649         20        512: 40% ━━━━╸─────── 21/53 11.9it/s 1.8s<2.7s[K     22/100      1.42G      1.546      1.838      1.648         32        512: 43% ━━━━━─────── 23/53 11.9it/s 2.0s<2.5s[K     22/100      1.42G      1.555      1.836      1.649         24        512: 47% ━━━━━╸────── 25/53 12.1it/s 2.1s<2.3s[K     22/100      1.42G       1.55      1.828      1.647         13        512: 51% ━━━━━━────── 27/53 12.0it/s 2.3s<2.2s[K     22/100      1.42G      1.562      1.837      1.656         17        512: 55% ━━━━━━╸───── 29/53 12.1it/s 2.5s<2.0s[K     22/100      1.42G      1.563      1.848      1.659         25        512: 58% ━━━━━━━───── 31/53 12.0it/s 2.6s<1.8s[K     22/100      1.42G      1.562      1.855      1.656         20        512: 62% ━━━━━━━───── 33/53 12.2it/s 2.8s<1.6s[K     22/100      1.42G      1.557       1.85      1.649         19        512: 66% ━━━━━━━╸──── 35/53 12.0it/s 3.0s<1.5s[K     22/100      1.42G      1.554      1.845      1.646         20        512: 70% ━━━━━━━━──── 37/53 12.2it/s 3.1s<1.3s[K     22/100      1.42G       1.55      1.838      1.647         21        512: 74% ━━━━━━━━╸─── 39/53 12.1it/s 3.3s<1.2s[K     22/100      1.42G      1.558      1.854      1.652         21        512: 77% ━━━━━━━━━─── 41/53 12.2it/s 3.5s<1.0s[K     22/100      1.42G      1.565      1.857      1.656         13        512: 81% ━━━━━━━━━╸── 43/53 12.1it/s 3.6s<0.8s[K     22/100      1.42G      1.569       1.86      1.655         27        512: 85% ━━━━━━━━━━── 45/53 12.2it/s 3.8s<0.7s[K     22/100      1.42G      1.574      1.864      1.659         27        512: 89% ━━━━━━━━━━╸─ 47/53 12.1it/s 4.0s<0.5s[K     22/100      1.42G      1.569      1.861      1.654         24        512: 92% ━━━━━━━━━━━─ 49/53 12.2it/s 4.1s<0.3s[K     22/100      1.42G      1.572      1.863      1.654         14        512: 96% ━━━━━━━━━━━╸ 51/53 12.1it/s 4.3s<0.2s[K     22/100      1.42G       1.58      1.868      1.661          6        512: 100% ━━━━━━━━━━━━ 53/53 12.2it/s 4.3s
[K                 Class     Images  Instances      Box(P          R      mAP50  mAP50-95): 38% ━━━━──────── 3/8 8.5it/s 0.1s<0.6s[K                 Class     Images  Instances      Box(P          R      mAP50  mAP50-95): 75% ━━━━━━━━━─── 6/8 14.0it/s 0.2s<0.1s[K                 Class     Images  Instances      Box(P          R      mAP50  mAP50-95): 100% ━━━━━━━━━━━━ 8/8 29.0it/s 0.3s
                   all        239        179      0.864      0.106      0.096     0.0466

      Epoch    GPU_mem   box_loss   cls_loss   dfl_loss  Instances       Size
[K     23/100      1.42G      1.748      2.044      1.685         19        512: 2% ──────────── 1/53 1.9it/s 0.2s<27.8s[K     23/100      1.42G      1.637      1.934      1.636         23        512: 6% ╸─────────── 3/53 4.8it/s 0.3s<10.3s[K     23/100      1.42G      1.565      1.824      1.616         22        512: 9% ━─────────── 5/53 7.1it/s 0.5s<6.7s[K     23/100      1.42G      1.549      1.858      1.591         27        512: 13% ━╸────────── 7/53 8.5it/s 0.7s<5.4s[K     23/100      1.42G      1.575        1.9      1.603         18        512: 17% ━━────────── 9/53 9.7it/s 0.8s<4.5s[K     23/100      1.42G      1.565      1.915      1.608         28        512: 21% ━━────────── 11/53 10.4it/s 1.0s<4.1s[K     23/100      1.42G      1.538      1.859      1.583         21        512: 25% ━━╸───────── 13/53 11.0it/s 1.1s<3.6s[K     23/100      1.42G      1.537      1.847      1.589         14        512: 28% ━━━───────── 15/53 11.2it/s 1.3s<3.4s[K     23/100      1.42G      1.561      1.848      1.611         17        512: 32% ━━━╸──────── 17/53 11.6it/s 1.5s<3.1s[K     23/100      1.42G      1.553      1.844        1.6         30        512: 36% ━━━━──────── 19/53 11.7it/s 1.6s<2.9s[K     23/100      1.42G      1.559      1.839       1.61         22        512: 40% ━━━━╸─────── 21/53 11.9it/s 1.8s<2.7s[K     23/100      1.42G      1.574      1.845       1.62         25        512: 43% ━━━━━─────── 23/53 11.9it/s 2.0s<2.5s[K     23/100      1.42G      1.579      1.846      1.622         27        512: 47% ━━━━━╸────── 25/53 12.1it/s 2.1s<2.3s[K     23/100      1.42G      1.583      1.862       1.63         25        512: 51% ━━━━━━────── 27/53 12.0it/s 2.3s<2.2s[K     23/100      1.42G      1.584      1.855      1.626         23        512: 55% ━━━━━━╸───── 29/53 12.1it/s 2.5s<2.0s[K     23/100      1.42G      1.576      1.861       1.62         11        512: 58% ━━━━━━━───── 31/53 12.0it/s 2.6s<1.8s[K     23/100      1.42G      1.583      1.858      1.619         27        512: 62% ━━━━━━━───── 33/53 12.2it/s 2.8s<1.6s[K     23/100      1.42G      1.589      1.857      1.623         26        512: 66% ━━━━━━━╸──── 35/53 12.0it/s 3.0s<1.5s[K     23/100      1.42G      1.592      1.855      1.619         26        512: 70% ━━━━━━━━──── 37/53 12.2it/s 3.1s<1.3s[K     23/100      1.42G      1.601      1.854      1.622         26        512: 74% ━━━━━━━━╸─── 39/53 12.1it/s 3.3s<1.2s[K     23/100      1.42G      1.601      1.847      1.621         21        512: 77% ━━━━━━━━━─── 41/53 12.2it/s 3.5s<1.0s[K     23/100      1.42G      1.602      1.844      1.621         21        512: 81% ━━━━━━━━━╸── 43/53 12.1it/s 3.6s<0.8s[K     23/100      1.42G      1.601      1.841      1.621         37        512: 85% ━━━━━━━━━━── 45/53 12.2it/s 3.8s<0.7s[K     23/100      1.42G      1.595      1.836      1.617         25        512: 89% ━━━━━━━━━━╸─ 47/53 12.1it/s 4.0s<0.5s[K     23/100      1.42G      1.596      1.835      1.617         24        512: 92% ━━━━━━━━━━━─ 49/53 12.2it/s 4.1s<0.3s[K     23/100      1.42G      1.602      1.846      1.624         31        512: 96% ━━━━━━━━━━━╸ 51/53 12.1it/s 4.3s<0.2s[K     23/100      1.42G      1.606      1.858      1.626          6        512: 100% ━━━━━━━━━━━━ 53/53 12.2it/s 4.3s
[K                 Class     Images  Instances      Box(P          R      mAP50  mAP50-95): 38% ━━━━──────── 3/8 8.2it/s 0.1s<0.6s[K                 Class     Images  Instances      Box(P          R      mAP50  mAP50-95): 75% ━━━━━━━━━─── 6/8 13.4it/s 0.2s<0.1s[K                 Class     Images  Instances      Box(P          R      mAP50  mAP50-95): 100% ━━━━━━━━━━━━ 8/8 27.8it/s 0.3s
                   all        239        179      0.902      0.207      0.196      0.113

      Epoch    GPU_mem   box_loss   cls_loss   dfl_loss  Instances       Size
[K     24/100      1.42G      1.791      2.033      1.751         32        512: 2% ──────────── 1/53 1.8it/s 0.2s<29.5s[K     24/100      1.42G       1.66      1.821      1.651         27        512: 6% ╸─────────── 3/53 5.0it/s 0.3s<10.0s[K     24/100      1.42G      1.568      1.745      1.601         21        512: 9% ━─────────── 5/53 6.9it/s 0.5s<6.9s[K     24/100      1.42G      1.571      1.772      1.619         20        512: 13% ━╸────────── 7/53 8.6it/s 0.7s<5.4s[K     24/100      1.42G      1.577      1.778      1.621         30        512: 17% ━━────────── 9/53 9.5it/s 0.8s<4.6s[K     24/100      1.42G      1.571      1.816      1.625         20        512: 21% ━━────────── 11/53 10.4it/s 1.0s<4.0s[K     24/100      1.42G      1.561      1.796      1.622         24        512: 25% ━━╸───────── 13/53 10.8it/s 1.2s<3.7s[K     24/100      1.42G      1.535      1.785      1.604         29        512: 28% ━━━───────── 15/53 11.3it/s 1.3s<3.4s[K     24/100      1.42G      1.552       1.78      1.614         26        512: 32% ━━━╸──────── 17/53 11.5it/s 1.5s<3.1s[K     24/100      1.42G      1.561      1.811      1.628         20        512: 36% ━━━━──────── 19/53 11.8it/s 1.7s<2.9s[K     24/100      1.42G      1.551        1.8      1.615         25        512: 40% ━━━━╸─────── 21/53 11.8it/s 1.8s<2.7s[K     24/100      1.42G      1.546      1.804      1.616         25        512: 43% ━━━━━─────── 23/53 12.0it/s 2.0s<2.5s[K     24/100      1.42G      1.531      1.785      1.604         13        512: 47% ━━━━━╸────── 25/53 11.9it/s 2.2s<2.3s[K     24/100      1.42G      1.544      1.794      1.612         17        512: 51% ━━━━━━────── 27/53 12.1it/s 2.3s<2.1s[K     24/100      1.42G      1.547      1.807      1.613         14        512: 55% ━━━━━━╸───── 29/53 12.0it/s 2.5s<2.0s[K     24/100      1.42G      1.546      1.803      1.608         15        512: 58% ━━━━━━━───── 31/53 12.2it/s 2.6s<1.8s[K     24/100      1.42G      1.551      1.812       1.61         30        512: 62% ━━━━━━━───── 33/53 12.0it/s 2.8s<1.7s[K     24/100      1.42G      1.548      1.809      1.609         19        512: 66% ━━━━━━━╸──── 35/53 12.2it/s 3.0s<1.5s[K     24/100      1.42G      1.542      1.802      1.607         18        512: 70% ━━━━━━━━──── 37/53 12.0it/s 3.1s<1.3s[K     24/100      1.42G      1.533      1.804      1.602         28        512: 74% ━━━━━━━━╸─── 39/53 12.2it/s 3.3s<1.1s[K     24/100      1.42G      1.542      1.812       1.61         26        512: 77% ━━━━━━━━━─── 41/53 12.0it/s 3.5s<1.0s[K     24/100      1.42G      1.533      1.799      1.607         18        512: 81% ━━━━━━━━━╸── 43/53 12.2it/s 3.6s<0.8s[K     24/100      1.42G      1.542      1.812      1.612         13        512: 85% ━━━━━━━━━━── 45/53 12.0it/s 3.8s<0.7s[K     24/100      1.42G      1.548      1.821      1.614         24        512: 89% ━━━━━━━━━━╸─ 47/53 12.2it/s 4.0s<0.5s[K     24/100      1.42G      1.547      1.814      1.612         21        512: 92% ━━━━━━━━━━━─ 49/53 12.1it/s 4.1s<0.3s[K     24/100      1.42G       1.55      1.818      1.615         25        512: 96% ━━━━━━━━━━━╸ 51/53 12.2it/s 4.3s<0.2s[K     24/100      1.42G       1.55       1.81      1.611          5        512: 100% ━━━━━━━━━━━━ 53/53 12.2it/s 4.3s
[K                 Class     Images  Instances      Box(P          R      mAP50  mAP50-95): 38% ━━━━──────── 3/8 7.9it/s 0.1s<0.6s[K                 Class     Images  Instances      Box(P          R      mAP50  mAP50-95): 75% ━━━━━━━━━─── 6/8 12.8it/s 0.2s<0.2s[K                 Class     Images  Instances      Box(P          R      mAP50  mAP50-95): 100% ━━━━━━━━━━━━ 8/8 26.6it/s 0.3s
                   all        239        179      0.721      0.274      0.212      0.109

      Epoch    GPU_mem   box_loss   cls_loss   dfl_loss  Instances       Size
[K     25/100      1.42G      1.527      1.694      1.556         11        512: 2% ──────────── 1/53 1.8it/s 0.2s<29.3s[K     25/100      1.42G      1.565      1.658      1.562         20        512: 6% ╸─────────── 3/53 5.0it/s 0.3s<10.0s[K     25/100      1.42G      1.558      1.636      1.601         16        512: 9% ━─────────── 5/53 7.0it/s 0.5s<6.8s[K     25/100      1.42G      1.589      1.664      1.612         33        512: 13% ━╸────────── 7/53 8.7it/s 0.7s<5.3s[K     25/100      1.42G       1.55      1.656      1.585         20        512: 17% ━━────────── 9/53 9.6it/s 0.8s<4.6s[K     25/100      1.42G      1.574      1.703      1.599         22        512: 21% ━━────────── 11/53 10.5it/s 1.0s<4.0s[K     25/100      1.42G      1.549      1.698      1.597         19        512: 25% ━━╸───────── 13/53 10.9it/s 1.2s<3.7s[K     25/100      1.42G       1.56      1.712      1.609         24        512: 28% ━━━───────── 15/53 11.4it/s 1.3s<3.3s[K     25/100      1.42G      1.558       1.71      1.609         25        512: 32% ━━━╸──────── 17/53 11.5it/s 1.5s<3.1s[K     25/100      1.42G      1.561      1.699        1.6         30        512: 36% ━━━━──────── 19/53 11.8it/s 1.6s<2.9s[K     25/100      1.42G      1.552      1.688      1.584         20        512: 40% ━━━━╸─────── 21/53 11.8it/s 1.8s<2.7s[K     25/100      1.42G      1.543      1.684      1.574         20        512: 43% ━━━━━─────── 23/53 12.0it/s 2.0s<2.5s[K     25/100      1.42G       1.55      1.699       1.58         25        512: 47% ━━━━━╸────── 25/53 11.9it/s 2.1s<2.4s[K     25/100      1.42G      1.566      1.708      1.588         26        512: 51% ━━━━━━────── 27/53 12.1it/s 2.3s<2.2s[K     25/100      1.42G      1.567      1.704      1.588         15        512: 55% ━━━━━━╸───── 29/53 12.0it/s 2.5s<2.0s[K     25/100      1.42G      1.562      1.701      1.583         18        512: 58% ━━━━━━━───── 31/53 12.1it/s 2.6s<1.8s[K     25/100      1.42G       1.57      1.707      1.591         23        512: 62% ━━━━━━━───── 33/53 12.0it/s 2.8s<1.7s[K     25/100      1.42G       1.58      1.725      1.595         28        512: 66% ━━━━━━━╸──── 35/53 12.2it/s 3.0s<1.5s[K     25/100      1.42G      1.574       1.72      1.587         22        512: 70% ━━━━━━━━──── 37/53 12.0it/s 3.1s<1.3s[K     25/100      1.42G      1.563      1.712      1.583         26        512: 74% ━━━━━━━━╸─── 39/53 12.2it/s 3.3s<1.2s[K     25/100      1.42G      1.565      1.709      1.585         26        512: 77% ━━━━━━━━━─── 41/53 12.1it/s 3.5s<1.0s[K     25/100      1.42G      1.561      1.707      1.586         20        512: 81% ━━━━━━━━━╸── 43/53 12.2it/s 3.6s<0.8s[K     25/100      1.42G       1.55      1.703      1.581         18        512: 85% ━━━━━━━━━━── 45/53 12.1it/s 3.8s<0.7s[K     25/100      1.42G       1.55      1.703       1.58         23        512: 89% ━━━━━━━━━━╸─ 47/53 12.2it/s 4.0s<0.5s[K     25/100      1.42G      1.553      1.707      1.582         34        512: 92% ━━━━━━━━━━━─ 49/53 12.1it/s 4.1s<0.3s[K     25/100      1.42G      1.547      1.703      1.579         26        512: 96% ━━━━━━━━━━━╸ 51/53 12.2it/s 4.3s<0.2s[K     25/100      1.42G      1.534      1.699      1.572          4        512: 100% ━━━━━━━━━━━━ 53/53 12.2it/s 4.3s
[K                 Class     Images  Instances      Box(P          R      mAP50  mAP50-95): 38% ━━━━──────── 3/8 7.8it/s 0.1s<0.6s[K                 Class     Images  Instances      Box(P          R      mAP50  mAP50-95): 75% ━━━━━━━━━─── 6/8 12.5it/s 0.2s<0.2s[K                 Class     Images  Instances      Box(P          R      mAP50  mAP50-95): 100% ━━━━━━━━━━━━ 8/8 26.0it/s 0.3s
                   all        239        179      0.735      0.341      0.305      0.155

      Epoch    GPU_mem   box_loss   cls_loss   dfl_loss  Instances       Size
[K     26/100      1.42G       1.43      1.837      1.542         26        512: 2% ──────────── 1/53 1.9it/s 0.2s<27.7s[K     26/100      1.42G      1.488       1.87      1.524         22        512: 6% ╸─────────── 3/53 4.8it/s 0.3s<10.3s[K     26/100      1.42G      1.509      1.906      1.572         21        512: 9% ━─────────── 5/53 7.2it/s 0.5s<6.7s[K     26/100      1.42G      1.544      1.849      1.603         18        512: 13% ━╸────────── 7/53 8.5it/s 0.7s<5.4s[K     26/100      1.42G      1.573      1.846      1.617         15        512: 17% ━━────────── 9/53 9.7it/s 0.8s<4.5s[K     26/100      1.42G      1.523      1.803      1.589         29        512: 21% ━━────────── 11/53 10.3it/s 1.0s<4.1s[K     26/100      1.42G      1.529      1.771      1.609         13        512: 25% ━━╸───────── 13/53 11.0it/s 1.1s<3.6s[K     26/100      1.42G      1.544      1.781      1.612         19        512: 28% ━━━───────── 15/53 11.2it/s 1.3s<3.4s[K     26/100      1.42G      1.537      1.799      1.603         21        512: 32% ━━━╸──────── 17/53 11.6it/s 1.5s<3.1s[K     26/100      1.42G      1.564      1.795      1.616         20        512: 36% ━━━━──────── 19/53 11.7it/s 1.6s<2.9s[K     26/100      1.42G      1.557      1.783      1.625         17        512: 40% ━━━━╸─────── 21/53 11.9it/s 1.8s<2.7s[K     26/100      1.42G       1.56      1.793      1.623         20        512: 43% ━━━━━─────── 23/53 11.9it/s 2.0s<2.5s[K     26/100      1.42G      1.557      1.793      1.618         30        512: 47% ━━━━━╸────── 25/53 12.1it/s 2.1s<2.3s[K     26/100      1.42G      1.562      1.796      1.616         37        512: 51% ━━━━━━────── 27/53 12.0it/s 2.3s<2.2s[K     26/100      1.42G      1.571      1.801      1.617         24        512: 55% ━━━━━━╸───── 29/53 12.1it/s 2.5s<2.0s[K     26/100      1.42G      1.585      1.804      1.626         22        512: 58% ━━━━━━━───── 31/53 12.0it/s 2.6s<1.8s[K     26/100      1.42G      1.588      1.814      1.629         25        512: 62% ━━━━━━━───── 33/53 12.1it/s 2.8s<1.6s[K     26/100      1.42G      1.578      1.802      1.625         19        512: 66% ━━━━━━━╸──── 35/53 12.0it/s 3.0s<1.5s[K     26/100      1.42G      1.568      1.795       1.62         23        512: 70% ━━━━━━━━──── 37/53 12.2it/s 3.1s<1.3s[K     26/100      1.42G      1.558      1.802      1.618         21        512: 74% ━━━━━━━━╸─── 39/53 12.0it/s 3.3s<1.2s[K     26/100      1.42G      1.552      1.799      1.614         25        512: 77% ━━━━━━━━━─── 41/53 12.2it/s 3.5s<1.0s[K     26/100      1.42G      1.548      1.791      1.611         23        512: 81% ━━━━━━━━━╸── 43/53 12.1it/s 3.6s<0.8s[K     26/100      1.42G      1.542      1.789      1.608         24        512: 85% ━━━━━━━━━━── 45/53 12.2it/s 3.8s<0.7s[K     26/100      1.42G      1.545      1.791      1.611         16        512: 89% ━━━━━━━━━━╸─ 47/53 12.1it/s 4.0s<0.5s[K     26/100      1.42G       1.54      1.788      1.612         18        512: 92% ━━━━━━━━━━━─ 49/53 12.2it/s 4.1s<0.3s[K     26/100      1.42G      1.544      1.798      1.615         14        512: 96% ━━━━━━━━━━━╸ 51/53 12.1it/s 4.3s<0.2s[K     26/100      1.42G      1.539      1.794      1.614          7        512: 100% ━━━━━━━━━━━━ 53/53 12.2it/s 4.3s
[K                 Class     Images  Instances      Box(P          R      mAP50  mAP50-95): 38% ━━━━──────── 3/8 8.3it/s 0.1s<0.6s[K                 Class     Images  Instances      Box(P          R      mAP50  mAP50-95): 75% ━━━━━━━━━─── 6/8 13.7it/s 0.2s<0.1s[K                 Class     Images  Instances      Box(P          R      mAP50  mAP50-95): 100% ━━━━━━━━━━━━ 8/8 28.4it/s 0.3s
                   all        239        179        0.9      0.151      0.147     0.0859

      Epoch    GPU_mem   box_loss   cls_loss   dfl_loss  Instances       Size
[K     27/100      1.42G      1.472      1.792      1.499         28        512: 2% ──────────── 1/53 1.9it/s 0.2s<27.9s[K     27/100      1.42G      1.477      1.745      1.561         21        512: 6% ╸─────────── 3/53 4.8it/s 0.3s<10.3s[K     27/100      1.42G      1.547      1.801      1.599         13        512: 9% ━─────────── 5/53 7.1it/s 0.5s<6.7s[K     27/100      1.42G      1.567      1.805       1.62         30        512: 13% ━╸────────── 7/53 8.5it/s 0.7s<5.4s[K     27/100      1.42G      1.559      1.833      1.611         17        512: 17% ━━────────── 9/53 9.7it/s 0.8s<4.5s[K     27/100      1.42G      1.544      1.804      1.604         20        512: 21% ━━────────── 11/53 10.3it/s 1.0s<4.1s[K     27/100      1.42G      1.526      1.785      1.589         23        512: 25% ━━╸───────── 13/53 11.0it/s 1.2s<3.6s[K     27/100      1.42G      1.524      1.765      1.591         24        512: 28% ━━━───────── 15/53 11.2it/s 1.3s<3.4s[K     27/100      1.42G      1.525      1.754      1.594         30        512: 32% ━━━╸──────── 17/53 11.6it/s 1.5s<3.1s[K     27/100      1.42G      1.512      1.738      1.581         30        512: 36% ━━━━──────── 19/53 11.7it/s 1.6s<2.9s[K     27/100      1.42G      1.518      1.736      1.583         29        512: 40% ━━━━╸─────── 21/53 11.9it/s 1.8s<2.7s[K     27/100      1.42G      1.517      1.738      1.589         12        512: 43% ━━━━━─────── 23/53 11.9it/s 2.0s<2.5s[K     27/100      1.42G       1.52      1.733      1.592         18        512: 47% ━━━━━╸────── 25/53 12.0it/s 2.1s<2.3s[K     27/100      1.42G      1.522      1.743      1.591         23        512: 51% ━━━━━━────── 27/53 12.0it/s 2.3s<2.2s[K     27/100      1.42G      1.514      1.732      1.585         20        512: 55% ━━━━━━╸───── 29/53 12.1it/s 2.5s<2.0s[K     27/100      1.42G       1.52      1.731      1.585         26        512: 58% ━━━━━━━───── 31/53 12.0it/s 2.6s<1.8s[K     27/100      1.42G      1.528      1.739      1.599         24        512: 62% ━━━━━━━───── 33/53 12.2it/s 2.8s<1.6s[K     27/100      1.42G      1.522      1.729        1.6         14        512: 66% ━━━━━━━╸──── 35/53 12.1it/s 3.0s<1.5s[K     27/100      1.42G       1.52      1.726      1.597         27        512: 70% ━━━━━━━━──── 37/53 12.2it/s 3.1s<1.3s[K     27/100      1.42G      1.524       1.73        1.6         23        512: 74% ━━━━━━━━╸─── 39/53 12.1it/s 3.3s<1.2s[K     27/100      1.42G      1.522       1.73      1.601         17        512: 77% ━━━━━━━━━─── 41/53 12.2it/s 3.5s<1.0s[K     27/100      1.42G      1.518      1.723      1.597         23        512: 81% ━━━━━━━━━╸── 43/53 12.1it/s 3.6s<0.8s[K     27/100      1.42G      1.515      1.716      1.597         20        512: 85% ━━━━━━━━━━── 45/53 12.2it/s 3.8s<0.7s[K     27/100      1.42G      1.517      1.717      1.592         22        512: 89% ━━━━━━━━━━╸─ 47/53 12.1it/s 4.0s<0.5s[K     27/100      1.42G      1.525      1.721      1.597         18        512: 92% ━━━━━━━━━━━─ 49/53 12.2it/s 4.1s<0.3s[K     27/100      1.42G      1.521      1.722      1.594         15        512: 96% ━━━━━━━━━━━╸ 51/53 12.1it/s 4.3s<0.2s[K     27/100      1.42G      1.538      1.743      1.601          5        512: 100% ━━━━━━━━━━━━ 53/53 12.2it/s 4.3s
[K                 Class     Images  Instances      Box(P          R      mAP50  mAP50-95): 38% ━━━━──────── 3/8 8.2it/s 0.1s<0.6s[K                 Class     Images  Instances      Box(P          R      mAP50  mAP50-95): 75% ━━━━━━━━━─── 6/8 13.4it/s 0.2s<0.1s[K                 Class     Images  Instances      Box(P          R      mAP50  mAP50-95): 100% ━━━━━━━━━━━━ 8/8 27.9it/s 0.3s
                   all        239        179      0.825      0.184      0.182     0.0997

      Epoch    GPU_mem   box_loss   cls_loss   dfl_loss  Instances       Size
[K     28/100      1.42G      1.318       1.42      1.478         22        512: 2% ──────────── 1/53 1.8it/s 0.2s<29.4s[K     28/100      1.42G      1.417      1.544      1.508         21        512: 6% ╸─────────── 3/53 5.0it/s 0.3s<10.0s[K     28/100      1.42G      1.513      1.689      1.608         32        512: 9% ━─────────── 5/53 7.0it/s 0.5s<6.8s[K     28/100      1.42G      1.547      1.782      1.637         16        512: 13% ━╸────────── 7/53 8.7it/s 0.7s<5.3s[K     28/100      1.42G      1.546      1.824       1.63         23        512: 17% ━━────────── 9/53 9.6it/s 0.8s<4.6s[K     28/100      1.42G      1.524      1.818      1.615         19        512: 21% ━━────────── 11/53 10.5it/s 1.0s<4.0s[K     28/100      1.42G       1.49      1.781      1.595         19        512: 25% ━━╸───────── 13/53 10.9it/s 1.2s<3.7s[K     28/100      1.42G       1.52      1.786      1.611         30        512: 28% ━━━───────── 15/53 11.4it/s 1.3s<3.3s[K     28/100      1.42G      1.517      1.781      1.603         28        512: 32% ━━━╸──────── 17/53 11.5it/s 1.5s<3.1s[K     28/100      1.42G      1.526      1.788      1.608         16        512: 36% ━━━━──────── 19/53 11.8it/s 1.6s<2.9s[K     28/100      1.42G      1.532      1.797      1.612         26        512: 40% ━━━━╸─────── 21/53 11.8it/s 1.8s<2.7s[K     28/100      1.42G      1.528      1.774      1.608         15        512: 43% ━━━━━─────── 23/53 12.0it/s 2.0s<2.5s[K     28/100      1.42G      1.525      1.762      1.602         25        512: 47% ━━━━━╸────── 25/53 11.9it/s 2.1s<2.3s[K     28/100      1.42G      1.514       1.75      1.595         22        512: 51% ━━━━━━────── 27/53 12.1it/s 2.3s<2.1s[K     28/100      1.42G      1.516      1.742      1.595         17        512: 55% ━━━━━━╸───── 29/53 12.0it/s 2.5s<2.0s[K     28/100      1.42G      1.514       1.74      1.596         20        512: 58% ━━━━━━━───── 31/53 12.1it/s 2.6s<1.8s[K     28/100      1.42G      1.519      1.742      1.595         22        512: 62% ━━━━━━━───── 33/53 12.0it/s 2.8s<1.7s[K     28/100      1.42G      1.524      1.749      1.596         15        512: 66% ━━━━━━━╸──── 35/53 12.2it/s 3.0s<1.5s[K     28/100      1.42G       1.53       1.75      1.597         38        512: 70% ━━━━━━━━──── 37/53 12.1it/s 3.1s<1.3s[K     28/100      1.42G      1.533      1.758      1.599         30        512: 74% ━━━━━━━━╸─── 39/53 12.2it/s 3.3s<1.1s[K     28/100      1.42G      1.532      1.757        1.6         20        512: 77% ━━━━━━━━━─── 41/53 12.0it/s 3.5s<1.0s[K     28/100      1.42G      1.534      1.754      1.603         31        512: 81% ━━━━━━━━━╸── 43/53 12.2it/s 3.6s<0.8s[K     28/100      1.42G      1.535      1.749      1.603         27        512: 85% ━━━━━━━━━━── 45/53 12.1it/s 3.8s<0.7s[K     28/100      1.42G      1.534      1.742      1.601         32        512: 89% ━━━━━━━━━━╸─ 47/53 12.2it/s 4.0s<0.5s[K     28/100      1.42G      1.533      1.742      1.597         22        512: 92% ━━━━━━━━━━━─ 49/53 12.0it/s 4.1s<0.3s[K     28/100      1.42G      1.539      1.743      1.602         26        512: 96% ━━━━━━━━━━━╸ 51/53 12.2it/s 4.3s<0.2s[K     28/100      1.42G      1.547      1.756      1.614          3        512: 100% ━━━━━━━━━━━━ 53/53 12.2it/s 4.3s
[K                 Class     Images  Instances      Box(P          R      mAP50  mAP50-95): 38% ━━━━──────── 3/8 8.1it/s 0.1s<0.6s[K                 Class     Images  Instances      Box(P          R      mAP50  mAP50-95): 75% ━━━━━━━━━─── 6/8 13.0it/s 0.2s<0.2s[K                 Class     Images  Instances      Box(P          R      mAP50  mAP50-95): 100% ━━━━━━━━━━━━ 8/8 27.2it/s 0.3s
                   all        239        179      0.818      0.251      0.229       0.11

      Epoch    GPU_mem   box_loss   cls_loss   dfl_loss  Instances       Size
[K     29/100      1.42G      1.544      1.672      1.623         35        512: 2% ──────────── 1/53 1.8it/s 0.2s<29.4s[K     29/100      1.42G      1.513      1.582      1.599         22        512: 6% ╸─────────── 3/53 5.0it/s 0.3s<10.0s[K     29/100      1.42G      1.567      1.646       1.66         19        512: 9% ━─────────── 5/53 7.0it/s 0.5s<6.8s[K     29/100      1.42G      1.609      1.667      1.665         30        512: 13% ━╸────────── 7/53 8.7it/s 0.7s<5.3s[K     29/100      1.42G      1.595      1.699      1.645         41        512: 17% ━━────────── 9/53 9.6it/s 0.8s<4.6s[K     29/100      1.42G      1.581      1.675      1.631         19        512: 21% ━━────────── 11/53 10.5it/s 1.0s<4.0s[K     29/100      1.42G      1.596      1.717       1.64         17        512: 25% ━━╸───────── 13/53 10.9it/s 1.2s<3.7s[K     29/100      1.42G      1.584      1.702      1.642         22        512: 28% ━━━───────── 15/53 11.3it/s 1.3s<3.4s[K     29/100      1.42G      1.571      1.695      1.638         16        512: 32% ━━━╸──────── 17/53 11.5it/s 1.5s<3.1s[K     29/100      1.42G      1.568      1.688      1.644         25        512: 36% ━━━━──────── 19/53 11.8it/s 1.6s<2.9s[K     29/100      1.42G      1.575      1.705      1.644         25        512: 40% ━━━━╸─────── 21/53 11.8it/s 1.8s<2.7s[K     29/100      1.42G       1.57      1.705      1.641         15        512: 43% ━━━━━─────── 23/53 12.0it/s 2.0s<2.5s[K     29/100      1.42G      1.577      1.714      1.649         36        512: 47% ━━━━━╸────── 25/53 11.9it/s 2.1s<2.3s[K     29/100      1.42G      1.584      1.729      1.652         18        512: 51% ━━━━━━────── 27/53 12.1it/s 2.3s<2.1s[K     29/100      1.42G      1.586      1.768       1.65         12        512: 55% ━━━━━━╸───── 29/53 12.0it/s 2.5s<2.0s[K     29/100      1.42G      1.589      1.771      1.643         23        512: 58% ━━━━━━━───── 31/53 12.2it/s 2.6s<1.8s[K     29/100      1.42G        1.6      1.778      1.648         34        512: 62% ━━━━━━━───── 33/53 12.1it/s 2.8s<1.7s[K     29/100      1.42G      1.601      1.761      1.649         21        512: 66% ━━━━━━━╸──── 35/53 12.2it/s 3.0s<1.5s[K     29/100      1.42G      1.608      1.766      1.652         28        512: 70% ━━━━━━━━──── 37/53 12.1it/s 3.1s<1.3s[K     29/100      1.42G      1.605      1.761      1.648         26        512: 74% ━━━━━━━━╸─── 39/53 12.2it/s 3.3s<1.1s[K     29/100      1.42G      1.605      1.757      1.644         32        512: 77% ━━━━━━━━━─── 41/53 12.1it/s 3.5s<1.0s[K     29/100      1.42G      1.597      1.752      1.638         18        512: 81% ━━━━━━━━━╸── 43/53 12.2it/s 3.6s<0.8s[K     29/100      1.42G      1.589      1.753      1.633         27        512: 85% ━━━━━━━━━━── 45/53 12.1it/s 3.8s<0.7s[K     29/100      1.42G      1.579      1.746       1.63         14        512: 89% ━━━━━━━━━━╸─ 47/53 12.2it/s 4.0s<0.5s[K     29/100      1.42G      1.574      1.749      1.628         21        512: 92% ━━━━━━━━━━━─ 49/53 12.1it/s 4.1s<0.3s[K     29/100      1.42G      1.571      1.751      1.624         28        512: 96% ━━━━━━━━━━━╸ 51/53 12.2it/s 4.3s<0.2s[K     29/100      1.42G      1.563      1.745       1.62          6        512: 100% ━━━━━━━━━━━━ 53/53 12.2it/s 4.3s
[K                 Class     Images  Instances      Box(P          R      mAP50  mAP50-95): 38% ━━━━──────── 3/8 8.5it/s 0.1s<0.6s[K                 Class     Images  Instances      Box(P          R      mAP50  mAP50-95): 75% ━━━━━━━━━─── 6/8 13.9it/s 0.2s<0.1s[K                 Class     Images  Instances      Box(P          R      mAP50  mAP50-95): 100% ━━━━━━━━━━━━ 8/8 28.8it/s 0.3s
                   all        239        179      0.955      0.117      0.115     0.0807

      Epoch    GPU_mem   box_loss   cls_loss   dfl_loss  Instances       Size
[K     30/100      1.42G      1.556      1.671      1.649         16        512: 2% ──────────── 1/53 1.9it/s 0.2s<27.7s[K     30/100      1.42G      1.441      1.647      1.552         24        512: 6% ╸─────────── 3/53 4.8it/s 0.3s<10.3s[K     30/100      1.42G      1.491       1.72      1.554         17        512: 9% ━─────────── 5/53 7.2it/s 0.5s<6.7s[K     30/100      1.42G      1.538      1.753      1.566         18        512: 13% ━╸────────── 7/53 8.5it/s 0.7s<5.4s[K     30/100      1.42G      1.586      1.769      1.619         29        512: 17% ━━────────── 9/53 9.7it/s 0.8s<4.5s[K     30/100      1.42G      1.606      1.767      1.615         18        512: 21% ━━────────── 11/53 10.3it/s 1.0s<4.1s[K     30/100      1.42G      1.619      1.792      1.619         29        512: 25% ━━╸───────── 13/53 11.0it/s 1.1s<3.6s[K     30/100      1.42G      1.622      1.794       1.62         19        512: 28% ━━━───────── 15/53 11.2it/s 1.3s<3.4s[K     30/100      1.42G      1.624       1.77      1.622         20        512: 32% ━━━╸──────── 17/53 11.6it/s 1.5s<3.1s[K     30/100      1.42G      1.633      1.794      1.632         22        512: 36% ━━━━──────── 19/53 11.7it/s 1.6s<2.9s[K     30/100      1.42G      1.621      1.796      1.625         14        512: 40% ━━━━╸─────── 21/53 11.9it/s 1.8s<2.7s[K     30/100      1.42G      1.614      1.786      1.623         27        512: 43% ━━━━━─────── 23/53 11.9it/s 2.0s<2.5s[K     30/100      1.42G      1.606      1.782      1.622         18        512: 47% ━━━━━╸────── 25/53 12.1it/s 2.1s<2.3s[K     30/100      1.42G      1.607      1.778      1.624         30        512: 51% ━━━━━━────── 27/53 12.0it/s 2.3s<2.2s[K     30/100      1.42G      1.605       1.77      1.619         27        512: 55% ━━━━━━╸───── 29/53 12.1it/s 2.5s<2.0s[K     30/100      1.42G      1.598      1.761      1.618         14        512: 58% ━━━━━━━───── 31/53 12.0it/s 2.6s<1.8s[K     30/100      1.42G       1.59      1.754      1.613         31        512: 62% ━━━━━━━───── 33/53 12.2it/s 2.8s<1.6s[K     30/100      1.42G      1.589      1.757      1.614         20        512: 66% ━━━━━━━╸──── 35/53 12.0it/s 3.0s<1.5s[K     30/100      1.42G      1.576      1.746      1.608         33        512: 70% ━━━━━━━━──── 37/53 12.2it/s 3.1s<1.3s[K     30/100      1.42G      1.575      1.748       1.61         18        512: 74% ━━━━━━━━╸─── 39/53 12.1it/s 3.3s<1.2s[K     30/100      1.42G      1.563      1.748      1.603         25        512: 77% ━━━━━━━━━─── 41/53 12.2it/s 3.5s<1.0s[K     30/100      1.42G      1.566      1.758      1.603         21        512: 81% ━━━━━━━━━╸── 43/53 12.1it/s 3.6s<0.8s[K     30/100      1.42G      1.565       1.76      1.605         22        512: 85% ━━━━━━━━━━── 45/53 12.1it/s 3.8s<0.7s[K     30/100      1.42G      1.569      1.755      1.606         26        512: 89% ━━━━━━━━━━╸─ 47/53 12.0it/s 4.0s<0.5s[K     30/100      1.42G      1.558      1.749        1.6         24        512: 92% ━━━━━━━━━━━─ 49/53 12.2it/s 4.1s<0.3s[K     30/100      1.42G      1.556       1.75      1.602         16        512: 96% ━━━━━━━━━━━╸ 51/53 12.0it/s 4.3s<0.2s[K     30/100      1.42G      1.562      1.751      1.609          7        512: 100% ━━━━━━━━━━━━ 53/53 12.2it/s 4.3s
[K                 Class     Images  Instances      Box(P          R      mAP50  mAP50-95): 38% ━━━━──────── 3/8 8.4it/s 0.1s<0.6s[K                 Class     Images  Instances      Box(P          R      mAP50  mAP50-95): 75% ━━━━━━━━━─── 6/8 13.7it/s 0.2s<0.1s[K                 Class     Images  Instances      Box(P          R      mAP50  mAP50-95): 100% ━━━━━━━━━━━━ 8/8 28.3it/s 0.3s
                   all        239        179      0.906      0.162       0.16      0.106

      Epoch    GPU_mem   box_loss   cls_loss   dfl_loss  Instances       Size
[K     31/100      1.42G      1.582      1.559      1.639         17        512: 2% ──────────── 1/53 1.9it/s 0.2s<27.8s[K     31/100      1.42G      1.612      1.743      1.657         17        512: 6% ╸─────────── 3/53 4.8it/s 0.3s<10.3s[K     31/100      1.42G      1.611      1.776      1.627         15        512: 9% ━─────────── 5/53 7.1it/s 0.5s<6.7s[K     31/100      1.42G      1.594       1.76      1.625         21        512: 13% ━╸────────── 7/53 8.5it/s 0.7s<5.4s[K     31/100      1.42G      1.578      1.744      1.611         26        512: 17% ━━────────── 9/53 9.7it/s 0.8s<4.5s[K     31/100      1.42G      1.541      1.716      1.596         23        512: 21% ━━────────── 11/53 10.4it/s 1.0s<4.1s[K     31/100      1.42G      1.544      1.727      1.592         19        512: 25% ━━╸───────── 13/53 11.0it/s 1.1s<3.6s[K     31/100      1.42G      1.521      1.725       1.59         14        512: 28% ━━━───────── 15/53 11.2it/s 1.3s<3.4s[K     31/100      1.42G      1.518      1.717      1.591         18        512: 32% ━━━╸──────── 17/53 11.6it/s 1.5s<3.1s[K     31/100      1.42G       1.51      1.715      1.594         26        512: 36% ━━━━──────── 19/53 11.7it/s 1.6s<2.9s[K     31/100      1.42G      1.506      1.719      1.598         23        512: 40% ━━━━╸─────── 21/53 11.9it/s 1.8s<2.7s[K     31/100      1.42G      1.517      1.715      1.609         28        512: 43% ━━━━━─────── 23/53 11.9it/s 2.0s<2.5s[K     31/100      1.42G       1.52      1.707      1.611         31        512: 47% ━━━━━╸────── 25/53 12.1it/s 2.1s<2.3s[K     31/100      1.42G      1.511      1.708      1.607         28        512: 51% ━━━━━━────── 27/53 12.0it/s 2.3s<2.2s[K     31/100      1.42G      1.516      1.709      1.606         27        512: 55% ━━━━━━╸───── 29/53 12.1it/s 2.5s<2.0s[K     31/100      1.42G       1.51      1.726      1.601         26        512: 58% ━━━━━━━───── 31/53 12.0it/s 2.6s<1.8s[K     31/100      1.42G      1.498      1.709      1.592         27        512: 62% ━━━━━━━───── 33/53 12.2it/s 2.8s<1.6s[K     31/100      1.42G      1.493      1.703      1.589         12        512: 66% ━━━━━━━╸──── 35/53 12.1it/s 3.0s<1.5s[K     31/100      1.42G      1.493      1.709       1.59         27        512: 70% ━━━━━━━━──── 37/53 12.2it/s 3.1s<1.3s[K     31/100      1.42G      1.475      1.695      1.584         15        512: 74% ━━━━━━━━╸─── 39/53 12.1it/s 3.3s<1.2s[K     31/100      1.42G      1.463      1.682      1.577         30        512: 77% ━━━━━━━━━─── 41/53 12.2it/s 3.5s<1.0s[K     31/100      1.42G      1.462      1.671      1.575         30        512: 81% ━━━━━━━━━╸── 43/53 12.1it/s 3.6s<0.8s[K     31/100      1.42G      1.466      1.679      1.577         18        512: 85% ━━━━━━━━━━── 45/53 12.2it/s 3.8s<0.7s[K     31/100      1.42G      1.473       1.68      1.584         23        512: 89% ━━━━━━━━━━╸─ 47/53 12.1it/s 4.0s<0.5s[K     31/100      1.42G      1.472       1.68      1.581         23        512: 92% ━━━━━━━━━━━─ 49/53 12.2it/s 4.1s<0.3s[K     31/100      1.42G      1.477      1.689      1.582         26        512: 96% ━━━━━━━━━━━╸ 51/53 12.1it/s 4.3s<0.2s[K     31/100      1.42G      1.478       1.69      1.587          9        512: 100% ━━━━━━━━━━━━ 53/53 12.2it/s 4.3s
[K                 Class     Images  Instances      Box(P          R      mAP50  mAP50-95): 38% ━━━━──────── 3/8 8.4it/s 0.1s<0.6s[K                 Class     Images  Instances      Box(P          R      mAP50  mAP50-95): 75% ━━━━━━━━━─── 6/8 13.8it/s 0.2s<0.1s[K                 Class     Images  Instances      Box(P          R      mAP50  mAP50-95): 100% ━━━━━━━━━━━━ 8/8 28.6it/s 0.3s
                   all        239        179          1       0.14      0.135     0.0907

      Epoch    GPU_mem   box_loss   cls_loss   dfl_loss  Instances       Size
[K     32/100      1.42G      1.283      1.479      1.486         16        512: 2% ──────────── 1/53 1.8it/s 0.2s<29.6s[K     32/100      1.42G      1.442      1.648      1.551         16        512: 6% ╸─────────── 3/53 5.0it/s 0.3s<10.0s[K     32/100      1.42G      1.441      1.628      1.554         32        512: 9% ━─────────── 5/53 7.0it/s 0.5s<6.8s[K     32/100      1.42G       1.48      1.651      1.576         24        512: 13% ━╸────────── 7/53 8.6it/s 0.7s<5.3s[K     32/100      1.42G      1.459      1.621      1.562         27        512: 17% ━━────────── 9/53 9.6it/s 0.8s<4.6s[K     32/100      1.42G      1.443      1.612      1.549         24        512: 21% ━━────────── 11/53 10.5it/s 1.0s<4.0s[K     32/100      1.42G      1.464      1.625      1.563         24        512: 25% ━━╸───────── 13/53 10.9it/s 1.2s<3.7s[K     32/100      1.42G      1.482      1.662      1.569         20        512: 28% ━━━───────── 15/53 11.3it/s 1.3s<3.3s[K     32/100      1.42G      1.462      1.646      1.553         31        512: 32% ━━━╸──────── 17/53 11.5it/s 1.5s<3.1s[K     32/100      1.42G      1.449       1.64      1.545         23        512: 36% ━━━━──────── 19/53 11.8it/s 1.7s<2.9s[K     32/100      1.42G      1.435      1.634      1.534         16        512: 40% ━━━━╸─────── 21/53 11.8it/s 1.8s<2.7s[K     32/100      1.42G      1.447      1.649      1.542         20        512: 43% ━━━━━─────── 23/53 12.0it/s 2.0s<2.5s[K     32/100      1.42G      1.466       1.66       1.55         26        512: 47% ━━━━━╸────── 25/53 11.9it/s 2.2s<2.3s[K     32/100      1.42G      1.462      1.658      1.547         15        512: 51% ━━━━━━────── 27/53 12.1it/s 2.3s<2.2s[K     32/100      1.42G      1.441      1.651      1.533         23        512: 55% ━━━━━━╸───── 29/53 12.0it/s 2.5s<2.0s[K     32/100      1.42G      1.441      1.661      1.534         39        512: 58% ━━━━━━━───── 31/53 12.1it/s 2.6s<1.8s[K     32/100      1.42G      1.434      1.648      1.529         24        512: 62% ━━━━━━━───── 33/53 12.0it/s 2.8s<1.7s[K     32/100      1.42G      1.447      1.655      1.537         14        512: 66% ━━━━━━━╸──── 35/53 12.2it/s 3.0s<1.5s[K     32/100      1.42G      1.451       1.65       1.54         20        512: 70% ━━━━━━━━──── 37/53 12.1it/s 3.1s<1.3s[K     32/100      1.42G      1.454      1.648      1.544         21        512: 74% ━━━━━━━━╸─── 39/53 12.2it/s 3.3s<1.1s[K     32/100      1.42G      1.461      1.659      1.545         34        512: 77% ━━━━━━━━━─── 41/53 12.1it/s 3.5s<1.0s[K     32/100      1.42G      1.466      1.659      1.547         29        512: 81% ━━━━━━━━━╸── 43/53 12.2it/s 3.6s<0.8s[K     32/100      1.42G      1.466      1.651      1.544         30        512: 85% ━━━━━━━━━━── 45/53 12.1it/s 3.8s<0.7s[K     32/100      1.42G      1.475      1.658      1.551         18        512: 89% ━━━━━━━━━━╸─ 47/53 12.2it/s 4.0s<0.5s[K     32/100      1.42G      1.486      1.657      1.558         24        512: 92% ━━━━━━━━━━━─ 49/53 12.1it/s 4.1s<0.3s[K     32/100      1.42G      1.496      1.663      1.562         20        512: 96% ━━━━━━━━━━━╸ 51/53 12.2it/s 4.3s<0.2s[K     32/100      1.42G      1.499      1.679       1.56          2        512: 100% ━━━━━━━━━━━━ 53/53 12.2it/s 4.3s
[K                 Class     Images  Instances      Box(P          R      mAP50  mAP50-95): 38% ━━━━──────── 3/8 8.5it/s 0.1s<0.6s[K                 Class     Images  Instances      Box(P          R      mAP50  mAP50-95): 75% ━━━━━━━━━─── 6/8 13.8it/s 0.2s<0.1s[K                 Class     Images  Instances      Box(P          R      mAP50  mAP50-95): 100% ━━━━━━━━━━━━ 8/8 28.5it/s 0.3s
                   all        239        179      0.929      0.145      0.139     0.0874

      Epoch    GPU_mem   box_loss   cls_loss   dfl_loss  Instances       Size
[K     33/100      1.42G      1.625      1.698      1.569         21        512: 2% ──────────── 1/53 1.8it/s 0.2s<29.4s[K     33/100      1.42G      1.568       1.61      1.594         20        512: 6% ╸─────────── 3/53 5.0it/s 0.3s<10.1s[K     33/100      1.42G      1.596       1.67       1.58         39        512: 9% ━─────────── 5/53 7.0it/s 0.5s<6.8s[K     33/100      1.42G      1.587      1.701      1.581         16        512: 13% ━╸────────── 7/53 8.6it/s 0.7s<5.3s[K     33/100      1.42G      1.568      1.673      1.579         21        512: 17% ━━────────── 9/53 9.6it/s 0.8s<4.6s[K     33/100      1.42G      1.548      1.659      1.565         33        512: 21% ━━────────── 11/53 10.5it/s 1.0s<4.0s[K     33/100      1.42G      1.548      1.646      1.557         31        512: 25% ━━╸───────── 13/53 10.9it/s 1.2s<3.7s[K     33/100      1.42G      1.548       1.63      1.565         14        512: 28% ━━━───────── 15/53 11.3it/s 1.3s<3.3s[K     33/100      1.42G       1.57      1.638      1.582         24        512: 32% ━━━╸──────── 17/53 11.5it/s 1.5s<3.1s[K     33/100      1.42G      1.574      1.646      1.582         15        512: 36% ━━━━──────── 19/53 11.8it/s 1.6s<2.9s[K     33/100      1.42G       1.57       1.66      1.577         13        512: 40% ━━━━╸─────── 21/53 11.8it/s 1.8s<2.7s[K     33/100      1.42G      1.556      1.654      1.576         21        512: 43% ━━━━━─────── 23/53 12.0it/s 2.0s<2.5s[K     33/100      1.42G      1.541      1.642      1.568         13        512: 47% ━━━━━╸────── 25/53 11.9it/s 2.1s<2.3s[K     33/100      1.42G      1.548      1.655      1.574         23        512: 51% ━━━━━━────── 27/53 12.1it/s 2.3s<2.1s[K     33/100      1.42G       1.56      1.663      1.585         29        512: 55% ━━━━━━╸───── 29/53 12.0it/s 2.5s<2.0s[K     33/100      1.42G      1.548       1.66      1.581         24        512: 58% ━━━━━━━───── 31/53 12.1it/s 2.6s<1.8s[K     33/100      1.42G      1.547      1.659      1.575         19        512: 62% ━━━━━━━───── 33/53 12.0it/s 2.8s<1.7s[K     33/100      1.42G      1.536      1.651      1.572         15        512: 66% ━━━━━━━╸──── 35/53 12.2it/s 3.0s<1.5s[K     33/100      1.42G       1.54       1.65      1.573         25        512: 70% ━━━━━━━━──── 37/53 12.1it/s 3.1s<1.3s[K     33/100      1.42G      1.538      1.644      1.573         17        512: 74% ━━━━━━━━╸─── 39/53 12.2it/s 3.3s<1.2s[K     33/100      1.42G      1.544      1.649      1.579         27        512: 77% ━━━━━━━━━─── 41/53 12.0it/s 3.5s<1.0s[K     33/100      1.42G      1.541      1.652      1.577         31        512: 81% ━━━━━━━━━╸── 43/53 12.2it/s 3.6s<0.8s[K     33/100      1.42G       1.54      1.655      1.577         19        512: 85% ━━━━━━━━━━── 45/53 12.0it/s 3.8s<0.7s[K     33/100      1.42G      1.535       1.65      1.575         25        512: 89% ━━━━━━━━━━╸─ 47/53 12.2it/s 4.0s<0.5s[K     33/100      1.42G      1.544       1.66      1.579         27        512: 92% ━━━━━━━━━━━─ 49/53 12.0it/s 4.1s<0.3s[K     33/100      1.42G      1.544      1.666      1.578         23        512: 96% ━━━━━━━━━━━╸ 51/53 12.2it/s 4.3s<0.2s[K     33/100      1.42G      1.535      1.681      1.574          5        512: 100% ━━━━━━━━━━━━ 53/53 12.2it/s 4.3s
[K                 Class     Images  Instances      Box(P          R      mAP50  mAP50-95): 38% ━━━━──────── 3/8 8.0it/s 0.1s<0.6s[K                 Class     Images  Instances      Box(P          R      mAP50  mAP50-95): 75% ━━━━━━━━━─── 6/8 13.3it/s 0.2s<0.2s[K                 Class     Images  Instances      Box(P          R      mAP50  mAP50-95): 100% ━━━━━━━━━━━━ 8/8 27.5it/s 0.3s
                   all        239        179      0.851      0.223      0.208     0.0984

      Epoch    GPU_mem   box_loss   cls_loss   dfl_loss  Instances       Size
[K     34/100      1.42G      1.478      1.507      1.517         20        512: 2% ──────────── 1/53 1.9it/s 0.2s<27.7s[K     34/100      1.42G      1.439       1.64      1.532         18        512: 6% ╸─────────── 3/53 4.8it/s 0.3s<10.3s[K     34/100      1.42G      1.452      1.665      1.526         29        512: 9% ━─────────── 5/53 7.2it/s 0.5s<6.7s[K     34/100      1.42G      1.435      1.624      1.514         21        512: 13% ━╸────────── 7/53 8.5it/s 0.7s<5.4s[K     34/100      1.42G      1.428      1.617      1.534         23        512: 17% ━━────────── 9/53 9.7it/s 0.8s<4.5s[K     34/100      1.42G      1.452       1.66      1.542         23        512: 21% ━━────────── 11/53 10.4it/s 1.0s<4.1s[K     34/100      1.42G      1.441      1.655      1.536         38        512: 25% ━━╸───────── 13/53 11.0it/s 1.1s<3.6s[K     34/100      1.42G      1.452       1.66      1.542         24        512: 28% ━━━───────── 15/53 11.2it/s 1.3s<3.4s[K     34/100      1.42G       1.41      1.647      1.533         25        512: 32% ━━━╸──────── 17/53 11.6it/s 1.5s<3.1s[K     34/100      1.42G      1.424      1.668       1.54         23        512: 36% ━━━━──────── 19/53 11.7it/s 1.6s<2.9s[K     34/100      1.42G      1.427      1.678      1.545         19        512: 40% ━━━━╸─────── 21/53 11.9it/s 1.8s<2.7s[K     34/100      1.42G      1.437      1.688      1.546         19        512: 43% ━━━━━─────── 23/53 11.9it/s 2.0s<2.5s[K     34/100      1.42G      1.427      1.682      1.535         26        512: 47% ━━━━━╸────── 25/53 12.1it/s 2.1s<2.3s[K     34/100      1.42G       1.43      1.681      1.538         16        512: 51% ━━━━━━────── 27/53 12.0it/s 2.3s<2.2s[K     34/100      1.42G       1.42      1.659      1.532         22        512: 55% ━━━━━━╸───── 29/53 12.1it/s 2.5s<2.0s[K     34/100      1.42G      1.432      1.664      1.541         20        512: 58% ━━━━━━━───── 31/53 12.0it/s 2.6s<1.8s[K     34/100      1.42G      1.417      1.666      1.534         19        512: 62% ━━━━━━━───── 33/53 12.1it/s 2.8s<1.6s[K     34/100      1.42G      1.412      1.658      1.533         18        512: 66% ━━━━━━━╸──── 35/53 12.0it/s 3.0s<1.5s[K     34/100      1.42G      1.411      1.659      1.529         18        512: 70% ━━━━━━━━──── 37/53 12.2it/s 3.1s<1.3s[K     34/100      1.42G      1.415      1.655      1.529         18        512: 74% ━━━━━━━━╸─── 39/53 12.0it/s 3.3s<1.2s[K     34/100      1.42G      1.421      1.647      1.533         25        512: 77% ━━━━━━━━━─── 41/53 12.2it/s 3.5s<1.0s[K     34/100      1.42G       1.43      1.648      1.541         23        512: 81% ━━━━━━━━━╸── 43/53 12.1it/s 3.6s<0.8s[K     34/100      1.42G      1.431      1.647      1.542         17        512: 85% ━━━━━━━━━━── 45/53 12.2it/s 3.8s<0.7s[K     34/100      1.42G      1.437      1.648      1.545         20        512: 89% ━━━━━━━━━━╸─ 47/53 12.1it/s 4.0s<0.5s[K     34/100      1.42G      1.433       1.64      1.543         21        512: 92% ━━━━━━━━━━━─ 49/53 12.2it/s 4.1s<0.3s[K     34/100      1.42G      1.431      1.639      1.543         21        512: 96% ━━━━━━━━━━━╸ 51/53 12.1it/s 4.3s<0.2s[K     34/100      1.42G      1.437      1.638      1.551          8        512: 100% ━━━━━━━━━━━━ 53/53 12.2it/s 4.3s
[K                 Class     Images  Instances      Box(P          R      mAP50  mAP50-95): 38% ━━━━──────── 3/8 7.9it/s 0.1s<0.6s[K                 Class     Images  Instances      Box(P          R      mAP50  mAP50-95): 75% ━━━━━━━━━─── 6/8 13.1it/s 0.2s<0.2s[K                 Class     Images  Instances      Box(P          R      mAP50  mAP50-95): 100% ━━━━━━━━━━━━ 8/8 27.3it/s 0.3s
                   all        239        179      0.902      0.257      0.243      0.143

      Epoch    GPU_mem   box_loss   cls_loss   dfl_loss  Instances       Size
[K     35/100      1.42G      1.628      1.804       1.62         29        512: 2% ──────────── 1/53 1.9it/s 0.2s<27.8s[K     35/100      1.42G      1.532      1.787      1.587         19        512: 6% ╸─────────── 3/53 4.9it/s 0.3s<10.3s[K     35/100      1.42G      1.539      1.722      1.588         19        512: 9% ━─────────── 5/53 7.1it/s 0.5s<6.7s[K     35/100      1.42G      1.534      1.757       1.58         35        512: 13% ━╸────────── 7/53 8.5it/s 0.7s<5.4s[K     35/100      1.42G      1.526      1.756       1.56         22        512: 17% ━━────────── 9/53 9.7it/s 0.8s<4.5s[K     35/100      1.42G      1.534      1.726      1.553         22        512: 21% ━━────────── 11/53 10.3it/s 1.0s<4.1s[K     35/100      1.42G      1.485       1.67      1.528         22        512: 25% ━━╸───────── 13/53 11.0it/s 1.2s<3.6s[K     35/100      1.42G      1.485      1.649      1.539         24        512: 28% ━━━───────── 15/53 11.2it/s 1.3s<3.4s[K     35/100      1.42G      1.512      1.698      1.549         13        512: 32% ━━━╸──────── 17/53 11.6it/s 1.5s<3.1s[K     35/100      1.42G       1.53      1.705      1.556         23        512: 36% ━━━━──────── 19/53 11.7it/s 1.6s<2.9s[K     35/100      1.42G      1.504      1.691      1.541         26        512: 40% ━━━━╸─────── 21/53 11.9it/s 1.8s<2.7s[K     35/100      1.42G      1.506      1.695       1.55         22        512: 43% ━━━━━─────── 23/53 11.9it/s 2.0s<2.5s[K     35/100      1.42G       1.52      1.699      1.556         25        512: 47% ━━━━━╸────── 25/53 12.1it/s 2.1s<2.3s[K     35/100      1.42G      1.526      1.698      1.558         28        512: 51% ━━━━━━────── 27/53 12.0it/s 2.3s<2.2s[K     35/100      1.42G      1.523      1.688      1.554         38        512: 55% ━━━━━━╸───── 29/53 12.1it/s 2.5s<2.0s[K     35/100      1.42G      1.527       1.68       1.56         30        512: 58% ━━━━━━━───── 31/53 12.0it/s 2.6s<1.8s[K     35/100      1.42G      1.527      1.688      1.561         30        512: 62% ━━━━━━━───── 33/53 12.1it/s 2.8s<1.6s[K     35/100      1.42G      1.529      1.689      1.564         18        512: 66% ━━━━━━━╸──── 35/53 12.0it/s 3.0s<1.5s[K     35/100      1.42G      1.523      1.681      1.562         25        512: 70% ━━━━━━━━──── 37/53 12.2it/s 3.1s<1.3s[K     35/100      1.42G      1.534      1.691      1.568         22        512: 74% ━━━━━━━━╸─── 39/53 12.1it/s 3.3s<1.2s[K     35/100      1.42G      1.536      1.691      1.568         25        512: 77% ━━━━━━━━━─── 41/53 12.2it/s 3.5s<1.0s[K     35/100      1.42G       1.53      1.684      1.564         19        512: 81% ━━━━━━━━━╸── 43/53 12.1it/s 3.6s<0.8s[K     35/100      1.42G      1.529      1.688      1.563         23        512: 85% ━━━━━━━━━━── 45/53 12.2it/s 3.8s<0.7s[K     35/100      1.42G      1.529       1.69      1.568         24        512: 89% ━━━━━━━━━━╸─ 47/53 12.1it/s 4.0s<0.5s[K     35/100      1.42G      1.525      1.684      1.566         24        512: 92% ━━━━━━━━━━━─ 49/53 12.2it/s 4.1s<0.3s[K     35/100      1.42G      1.517      1.682      1.561         19        512: 96% ━━━━━━━━━━━╸ 51/53 12.1it/s 4.3s<0.2s[K     35/100      1.42G      1.515       1.68      1.558          5        512: 100% ━━━━━━━━━━━━ 53/53 12.2it/s 4.3s
[K                 Class     Images  Instances      Box(P          R      mAP50  mAP50-95): 38% ━━━━──────── 3/8 8.3it/s 0.1s<0.6s[K                 Class     Images  Instances      Box(P          R      mAP50  mAP50-95): 75% ━━━━━━━━━─── 6/8 13.8it/s 0.2s<0.1s[K                 Class     Images  Instances      Box(P          R      mAP50  mAP50-95): 100% ━━━━━━━━━━━━ 8/8 28.5it/s 0.3s
                   all        239        179      0.962       0.14      0.131     0.0935

      Epoch    GPU_mem   box_loss   cls_loss   dfl_loss  Instances       Size
[K     36/100      1.42G      1.327      1.835      1.497         29        512: 2% ──────────── 1/53 1.8it/s 0.2s<29.4s[K     36/100      1.42G      1.407      1.679      1.563         24        512: 6% ╸─────────── 3/53 5.0it/s 0.3s<10.0s[K     36/100      1.42G      1.447      1.638      1.567         21        512: 9% ━─────────── 5/53 7.0it/s 0.5s<6.8s[K     36/100      1.42G      1.507      1.671      1.597         26        512: 13% ━╸────────── 7/53 8.7it/s 0.7s<5.3s[K     36/100      1.42G      1.534      1.693      1.607         30        512: 17% ━━────────── 9/53 9.6it/s 0.8s<4.6s[K     36/100      1.42G      1.485      1.653       1.59         19        512: 21% ━━────────── 11/53 10.5it/s 1.0s<4.0s[K     36/100      1.42G      1.473      1.647      1.577         22        512: 25% ━━╸───────── 13/53 10.9it/s 1.2s<3.7s[K     36/100      1.42G      1.489      1.646      1.572         18        512: 28% ━━━───────── 15/53 11.4it/s 1.3s<3.3s[K     36/100      1.42G      1.491      1.653      1.568         30        512: 32% ━━━╸──────── 17/53 11.5it/s 1.5s<3.1s[K     36/100      1.42G       1.49      1.665      1.565         23        512: 36% ━━━━──────── 19/53 11.8it/s 1.6s<2.9s[K     36/100      1.42G      1.461      1.648      1.549         18        512: 40% ━━━━╸─────── 21/53 11.8it/s 1.8s<2.7s[K     36/100      1.42G      1.467      1.649      1.556         28        512: 43% ━━━━━─────── 23/53 12.0it/s 2.0s<2.5s[K     36/100      1.42G      1.461      1.652      1.554         26        512: 47% ━━━━━╸────── 25/53 11.9it/s 2.1s<2.3s[K     36/100      1.42G      1.458       1.64      1.555         25        512: 51% ━━━━━━────── 27/53 12.1it/s 2.3s<2.1s[K     36/100      1.42G       1.45      1.628      1.552         20        512: 55% ━━━━━━╸───── 29/53 12.0it/s 2.5s<2.0s[K     36/100      1.42G      1.459      1.634      1.556         17        512: 58% ━━━━━━━───── 31/53 12.2it/s 2.6s<1.8s[K     36/100      1.42G      1.457      1.631      1.553         16        512: 62% ━━━━━━━───── 33/53 12.0it/s 2.8s<1.7s[K     36/100      1.42G      1.441      1.631      1.546         26        512: 66% ━━━━━━━╸──── 35/53 12.2it/s 3.0s<1.5s[K     36/100      1.42G      1.447      1.634      1.548         25        512: 70% ━━━━━━━━──── 37/53 12.0it/s 3.1s<1.3s[K     36/100      1.42G      1.449      1.629       1.55         20        512: 74% ━━━━━━━━╸─── 39/53 12.2it/s 3.3s<1.1s[K     36/100      1.42G      1.445      1.628      1.547         23        512: 77% ━━━━━━━━━─── 41/53 12.1it/s 3.5s<1.0s[K     36/100      1.42G      1.451      1.632       1.55         29        512: 81% ━━━━━━━━━╸── 43/53 12.2it/s 3.6s<0.8s[K     36/100      1.42G      1.443      1.628      1.548         18        512: 85% ━━━━━━━━━━── 45/53 12.0it/s 3.8s<0.7s[K     36/100      1.42G      1.447      1.628      1.553         22        512: 89% ━━━━━━━━━━╸─ 47/53 12.2it/s 4.0s<0.5s[K     36/100      1.42G      1.443      1.629      1.553         19        512: 92% ━━━━━━━━━━━─ 49/53 12.1it/s 4.1s<0.3s[K     36/100      1.42G      1.447      1.633      1.553         18        512: 96% ━━━━━━━━━━━╸ 51/53 12.2it/s 4.3s<0.2s[K     36/100      1.42G      1.451      1.632      1.563          5        512: 100% ━━━━━━━━━━━━ 53/53 12.2it/s 4.3s
[K                 Class     Images  Instances      Box(P          R      mAP50  mAP50-95): 38% ━━━━──────── 3/8 8.0it/s 0.1s<0.6s[K                 Class     Images  Instances      Box(P          R      mAP50  mAP50-95): 75% ━━━━━━━━━─── 6/8 13.2it/s 0.2s<0.2s[K                 Class     Images  Instances      Box(P          R      mAP50  mAP50-95): 100% ━━━━━━━━━━━━ 8/8 27.3it/s 0.3s
                   all        239        179       0.88      0.246      0.238       0.14

      Epoch    GPU_mem   box_loss   cls_loss   dfl_loss  Instances       Size
[K     37/100      1.42G      1.137      1.421      1.383         20        512: 2% ──────────── 1/53 1.8it/s 0.2s<29.4s[K     37/100      1.42G      1.342      1.648      1.495         12        512: 6% ╸─────────── 3/53 5.0it/s 0.3s<10.0s[K     37/100      1.42G      1.352      1.596      1.494         29        512: 9% ━─────────── 5/53 7.0it/s 0.5s<6.8s[K     37/100      1.42G      1.357      1.611        1.5         23        512: 13% ━╸────────── 7/53 8.7it/s 0.7s<5.3s[K     37/100      1.42G      1.335      1.603      1.497         16        512: 17% ━━────────── 9/53 9.6it/s 0.8s<4.6s[K     37/100      1.42G      1.344      1.614      1.504         19        512: 21% ━━────────── 11/53 10.5it/s 1.0s<4.0s[K     37/100      1.42G      1.391      1.635      1.531         26        512: 25% ━━╸───────── 13/53 10.9it/s 1.2s<3.7s[K     37/100      1.42G      1.391      1.615      1.532         23        512: 28% ━━━───────── 15/53 11.3it/s 1.3s<3.4s[K     37/100      1.42G      1.399      1.616      1.536         21        512: 32% ━━━╸──────── 17/53 11.5it/s 1.5s<3.1s[K     37/100      1.42G      1.403       1.63      1.542         17        512: 36% ━━━━──────── 19/53 11.8it/s 1.6s<2.9s[K     37/100      1.42G      1.421       1.63      1.558         21        512: 40% ━━━━╸─────── 21/53 11.8it/s 1.8s<2.7s[K     37/100      1.42G       1.42      1.617      1.557         22        512: 43% ━━━━━─────── 23/53 12.0it/s 2.0s<2.5s[K     37/100      1.42G      1.448      1.623      1.572         17        512: 47% ━━━━━╸────── 25/53 11.9it/s 2.2s<2.4s[K     37/100      1.42G       1.45      1.631      1.576         16        512: 51% ━━━━━━────── 27/53 12.0it/s 2.3s<2.2s[K     37/100      1.42G       1.45      1.641      1.577         17        512: 55% ━━━━━━╸───── 29/53 12.0it/s 2.5s<2.0s[K     37/100      1.42G      1.445      1.636      1.579         19        512: 58% ━━━━━━━───── 31/53 12.1it/s 2.6s<1.8s[K     37/100      1.42G      1.464      1.659      1.589         20        512: 62% ━━━━━━━───── 33/53 12.0it/s 2.8s<1.7s[K     37/100      1.42G      1.454      1.645      1.585         16        512: 66% ━━━━━━━╸──── 35/53 12.2it/s 3.0s<1.5s[K     37/100      1.42G      1.455       1.65      1.583         18        512: 70% ━━━━━━━━──── 37/53 12.1it/s 3.1s<1.3s[K     37/100      1.42G      1.456      1.662      1.584         21        512: 74% ━━━━━━━━╸─── 39/53 12.2it/s 3.3s<1.1s[K     37/100      1.42G      1.441      1.645      1.573         16        512: 77% ━━━━━━━━━─── 41/53 12.1it/s 3.5s<1.0s[K     37/100      1.42G      1.446      1.652      1.576         11        512: 81% ━━━━━━━━━╸── 43/53 12.2it/s 3.6s<0.8s[K     37/100      1.42G      1.437      1.645       1.57         22        512: 85% ━━━━━━━━━━── 45/53 12.1it/s 3.8s<0.7s[K     37/100      1.42G      1.436      1.639      1.566         22        512: 89% ━━━━━━━━━━╸─ 47/53 12.2it/s 4.0s<0.5s[K     37/100      1.42G      1.436      1.633      1.564         23        512: 92% ━━━━━━━━━━━─ 49/53 12.1it/s 4.1s<0.3s[K     37/100      1.42G      1.437      1.633      1.565         17        512: 96% ━━━━━━━━━━━╸ 51/53 12.2it/s 4.3s<0.2s[K     37/100      1.42G      1.434      1.627       1.56          6        512: 100% ━━━━━━━━━━━━ 53/53 12.2it/s 4.3s
[K                 Class     Images  Instances      Box(P          R      mAP50  mAP50-95): 38% ━━━━──────── 3/8 8.0it/s 0.1s<0.6s[K                 Class     Images  Instances      Box(P          R      mAP50  mAP50-95): 75% ━━━━━━━━━─── 6/8 13.5it/s 0.2s<0.1s[K                 Class     Images  Instances      Box(P          R      mAP50  mAP50-95): 100% ━━━━━━━━━━━━ 8/8 27.7it/s 0.3s
                   all        239        179      0.761      0.196      0.166     0.0792

      Epoch    GPU_mem   box_loss   cls_loss   dfl_loss  Instances       Size
[K     38/100      1.42G      1.412      1.543      1.443         25        512: 2% ──────────── 1/53 1.9it/s 0.2s<27.7s[K     38/100      1.42G      1.429      1.601      1.471         26        512: 6% ╸─────────── 3/53 4.8it/s 0.3s<10.3s[K     38/100      1.42G      1.456      1.568      1.481         21        512: 9% ━─────────── 5/53 7.1it/s 0.5s<6.7s[K     38/100      1.42G      1.436       1.56      1.493         22        512: 13% ━╸────────── 7/53 8.5it/s 0.7s<5.4s[K     38/100      1.42G      1.399      1.535      1.479         17        512: 17% ━━────────── 9/53 9.7it/s 0.8s<4.5s[K     38/100      1.42G      1.389      1.522      1.474         27        512: 21% ━━────────── 11/53 10.3it/s 1.0s<4.1s[K     38/100      1.42G      1.356      1.495      1.456         23        512: 25% ━━╸───────── 13/53 11.0it/s 1.1s<3.6s[K     38/100      1.42G      1.383       1.52       1.47         24        512: 28% ━━━───────── 15/53 11.2it/s 1.3s<3.4s[K     38/100      1.42G      1.402      1.537      1.485         31        512: 32% ━━━╸──────── 17/53 11.6it/s 1.5s<3.1s[K     38/100      1.42G      1.403      1.554      1.487         26        512: 36% ━━━━──────── 19/53 11.7it/s 1.6s<2.9s[K     38/100      1.42G      1.385      1.533      1.477         30        512: 40% ━━━━╸─────── 21/53 11.9it/s 1.8s<2.7s[K     38/100      1.42G      1.391      1.539      1.484         20        512: 43% ━━━━━─────── 23/53 11.9it/s 2.0s<2.5s[K     38/100      1.42G      1.409      1.562      1.497         19        512: 47% ━━━━━╸────── 25/53 12.1it/s 2.1s<2.3s[K     38/100      1.42G      1.405       1.55      1.495         25        512: 51% ━━━━━━────── 27/53 12.0it/s 2.3s<2.2s[K     38/100      1.42G      1.411      1.562      1.494         30        512: 55% ━━━━━━╸───── 29/53 12.1it/s 2.5s<2.0s[K     38/100      1.42G      1.408      1.565      1.495         30        512: 58% ━━━━━━━───── 31/53 12.0it/s 2.6s<1.8s[K     38/100      1.42G      1.417      1.558      1.503         27        512: 62% ━━━━━━━───── 33/53 12.2it/s 2.8s<1.6s[K     38/100      1.42G      1.425      1.567      1.506         23        512: 66% ━━━━━━━╸──── 35/53 12.0it/s 3.0s<1.5s[K     38/100      1.42G      1.418      1.554      1.502         29        512: 70% ━━━━━━━━──── 37/53 12.2it/s 3.1s<1.3s[K     38/100      1.42G      1.423      1.561      1.505         26        512: 74% ━━━━━━━━╸─── 39/53 12.1it/s 3.3s<1.2s[K     38/100      1.42G      1.427      1.567      1.509         17        512: 77% ━━━━━━━━━─── 41/53 12.2it/s 3.5s<1.0s[K     38/100      1.42G       1.42      1.559      1.505         15        512: 81% ━━━━━━━━━╸── 43/53 12.1it/s 3.6s<0.8s[K     38/100      1.42G      1.424      1.566      1.508         17        512: 85% ━━━━━━━━━━── 45/53 12.2it/s 3.8s<0.7s[K     38/100      1.42G       1.43      1.572      1.511         21        512: 89% ━━━━━━━━━━╸─ 47/53 12.1it/s 4.0s<0.5s[K     38/100      1.42G      1.432      1.569      1.514         21        512: 92% ━━━━━━━━━━━─ 49/53 12.2it/s 4.1s<0.3s[K     38/100      1.42G      1.435      1.573      1.514         23        512: 96% ━━━━━━━━━━━╸ 51/53 12.1it/s 4.3s<0.2s[K     38/100      1.42G      1.451      1.578      1.527          9        512: 100% ━━━━━━━━━━━━ 53/53 12.2it/s 4.3s
[K                 Class     Images  Instances      Box(P          R      mAP50  mAP50-95): 38% ━━━━──────── 3/8 7.7it/s 0.1s<0.7s[K                 Class     Images  Instances      Box(P          R      mAP50  mAP50-95): 75% ━━━━━━━━━─── 6/8 13.0it/s 0.2s<0.2s[K                 Class     Images  Instances      Box(P          R      mAP50  mAP50-95): 100% ━━━━━━━━━━━━ 8/8 26.6it/s 0.3s
                   all        239        179      0.775      0.346      0.284       0.12

      Epoch    GPU_mem   box_loss   cls_loss   dfl_loss  Instances       Size
[K     39/100      1.42G      1.552      1.807       1.59         13        512: 2% ──────────── 1/53 1.9it/s 0.2s<27.8s[K     39/100      1.42G      1.562      1.715      1.567         35        512: 6% ╸─────────── 3/53 4.8it/s 0.3s<10.3s[K     39/100      1.42G      1.599      1.724      1.579         23        512: 9% ━─────────── 5/53 7.1it/s 0.5s<6.7s[K     39/100      1.42G      1.598      1.793       1.58         26        512: 13% ━╸────────── 7/53 8.5it/s 0.7s<5.4s[K     39/100      1.42G       1.58      1.731      1.592         20        512: 17% ━━────────── 9/53 9.7it/s 0.8s<4.5s[K     39/100      1.42G      1.584      1.739      1.596         16        512: 21% ━━────────── 11/53 10.3it/s 1.0s<4.1s[K     39/100      1.42G      1.534      1.684      1.572         21        512: 25% ━━╸───────── 13/53 11.0it/s 1.2s<3.6s[K     39/100      1.42G      1.529      1.684      1.564         25        512: 28% ━━━───────── 15/53 11.2it/s 1.3s<3.4s[K     39/100      1.42G      1.525      1.712      1.564         15        512: 32% ━━━╸──────── 17/53 11.6it/s 1.5s<3.1s[K     39/100      1.42G       1.52      1.698      1.562         32        512: 36% ━━━━──────── 19/53 11.7it/s 1.6s<2.9s[K     39/100      1.42G      1.506      1.677      1.557         18        512: 40% ━━━━╸─────── 21/53 11.9it/s 1.8s<2.7s[K     39/100      1.42G      1.512      1.669      1.559         23        512: 43% ━━━━━─────── 23/53 11.9it/s 2.0s<2.5s[K     39/100      1.42G      1.512      1.666      1.558         24        512: 47% ━━━━━╸────── 25/53 12.1it/s 2.1s<2.3s[K     39/100      1.42G      1.512      1.662       1.56         16        512: 51% ━━━━━━────── 27/53 12.0it/s 2.3s<2.2s[K     39/100      1.42G      1.507      1.644      1.561         22        512: 55% ━━━━━━╸───── 29/53 12.1it/s 2.5s<2.0s[K     39/100      1.42G      1.493      1.631      1.554         19        512: 58% ━━━━━━━───── 31/53 12.0it/s 2.6s<1.8s[K     39/100      1.42G      1.498      1.632      1.556         19        512: 62% ━━━━━━━───── 33/53 12.1it/s 2.8s<1.6s[K     39/100      1.42G      1.497      1.634      1.557         24        512: 66% ━━━━━━━╸──── 35/53 12.1it/s 3.0s<1.5s[K     39/100      1.42G      1.486      1.633      1.552         14        512: 70% ━━━━━━━━──── 37/53 12.2it/s 3.1s<1.3s[K     39/100      1.42G      1.495      1.639       1.56         32        512: 74% ━━━━━━━━╸─── 39/53 12.0it/s 3.3s<1.2s[K     39/100      1.42G      1.498      1.633      1.562         18        512: 77% ━━━━━━━━━─── 41/53 12.2it/s 3.5s<1.0s[K     39/100      1.42G      1.505      1.648      1.567         15        512: 81% ━━━━━━━━━╸── 43/53 12.1it/s 3.6s<0.8s[K     39/100      1.42G      1.505      1.638      1.569         24        512: 85% ━━━━━━━━━━── 45/53 12.2it/s 3.8s<0.7s[K     39/100      1.42G      1.513       1.65      1.575         23        512: 89% ━━━━━━━━━━╸─ 47/53 12.1it/s 4.0s<0.5s[K     39/100      1.42G      1.517      1.652      1.577         18        512: 92% ━━━━━━━━━━━─ 49/53 12.2it/s 4.1s<0.3s[K     39/100      1.42G      1.518      1.653      1.576         28        512: 96% ━━━━━━━━━━━╸ 51/53 12.1it/s 4.3s<0.2s[K     39/100      1.42G      1.523      1.661      1.582         10        512: 100% ━━━━━━━━━━━━ 53/53 12.2it/s 4.3s
[K                 Class     Images  Instances      Box(P          R      mAP50  mAP50-95): 38% ━━━━──────── 3/8 8.4it/s 0.1s<0.6s[K                 Class     Images  Instances      Box(P          R      mAP50  mAP50-95): 75% ━━━━━━━━━─── 6/8 13.9it/s 0.2s<0.1s[K                 Class     Images  Instances      Box(P          R      mAP50  mAP50-95): 100% ━━━━━━━━━━━━ 8/8 28.7it/s 0.3s
                   all        239        179          1      0.128      0.125     0.0756

      Epoch    GPU_mem   box_loss   cls_loss   dfl_loss  Instances       Size
[K     40/100      1.42G      1.649      1.867      1.631         18        512: 2% ──────────── 1/53 1.8it/s 0.2s<29.4s[K     40/100      1.42G      1.509      1.679       1.58         14        512: 6% ╸─────────── 3/53 5.0it/s 0.3s<10.1s[K     40/100      1.42G      1.517      1.655      1.598         27        512: 9% ━─────────── 5/53 7.0it/s 0.5s<6.8s[K     40/100      1.42G      1.459      1.621       1.55         26        512: 13% ━╸────────── 7/53 8.7it/s 0.7s<5.3s[K     40/100      1.42G      1.473      1.601      1.543         34        512: 17% ━━────────── 9/53 9.6it/s 0.8s<4.6s[K     40/100      1.42G      1.507      1.677      1.566         22        512: 21% ━━────────── 11/53 10.5it/s 1.0s<4.0s[K     40/100      1.42G      1.481      1.643      1.545         26        512: 25% ━━╸───────── 13/53 10.9it/s 1.2s<3.7s[K     40/100      1.42G      1.482      1.636      1.548         30        512: 28% ━━━───────── 15/53 11.4it/s 1.3s<3.3s[K     40/100      1.42G      1.479       1.62      1.545         23        512: 32% ━━━╸──────── 17/53 11.5it/s 1.5s<3.1s[K     40/100      1.42G      1.489      1.625      1.554         17        512: 36% ━━━━──────── 19/53 11.8it/s 1.6s<2.9s[K     40/100      1.42G       1.48      1.618      1.551         27        512: 40% ━━━━╸─────── 21/53 11.8it/s 1.8s<2.7s[K     40/100      1.42G      1.459      1.602      1.535         19        512: 43% ━━━━━─────── 23/53 12.0it/s 2.0s<2.5s[K     40/100      1.42G      1.465      1.609      1.543         23        512: 47% ━━━━━╸────── 25/53 11.9it/s 2.1s<2.4s[K     40/100      1.42G      1.465      1.611      1.538         34        512: 51% ━━━━━━────── 27/53 12.1it/s 2.3s<2.2s[K     40/100      1.42G      1.469      1.611      1.541         23        512: 55% ━━━━━━╸───── 29/53 12.0it/s 2.5s<2.0s[K     40/100      1.42G      1.469      1.601       1.54         37        512: 58% ━━━━━━━───── 31/53 12.2it/s 2.6s<1.8s[K     40/100      1.42G      1.474      1.618      1.543         15        512: 62% ━━━━━━━───── 33/53 12.0it/s 2.8s<1.7s[K     40/100      1.42G      1.464      1.611      1.537         23        512: 66% ━━━━━━━╸──── 35/53 12.2it/s 3.0s<1.5s[K     40/100      1.42G      1.461      1.603      1.531         23        512: 70% ━━━━━━━━──── 37/53 12.1it/s 3.1s<1.3s[K     40/100      1.42G      1.461      1.602      1.534         26        512: 74% ━━━━━━━━╸─── 39/53 12.2it/s 3.3s<1.1s[K     40/100      1.42G      1.458      1.612      1.534         13        512: 77% ━━━━━━━━━─── 41/53 12.1it/s 3.5s<1.0s[K     40/100      1.42G      1.466      1.615      1.537         24        512: 81% ━━━━━━━━━╸── 43/53 12.2it/s 3.6s<0.8s[K     40/100      1.42G      1.457      1.608      1.531         22        512: 85% ━━━━━━━━━━── 45/53 12.1it/s 3.8s<0.7s[K     40/100      1.42G      1.451      1.599       1.53         17        512: 89% ━━━━━━━━━━╸─ 47/53 12.2it/s 4.0s<0.5s[K     40/100      1.42G      1.449      1.595      1.531         15        512: 92% ━━━━━━━━━━━─ 49/53 12.1it/s 4.1s<0.3s[K     40/100      1.42G      1.447      1.595      1.528         17        512: 96% ━━━━━━━━━━━╸ 51/53 12.2it/s 4.3s<0.2s[K     40/100      1.42G      1.443      1.589      1.527         11        512: 100% ━━━━━━━━━━━━ 53/53 12.2it/s 4.3s
[K                 Class     Images  Instances      Box(P          R      mAP50  mAP50-95): 38% ━━━━──────── 3/8 7.9it/s 0.1s<0.6s[K                 Class     Images  Instances      Box(P          R      mAP50  mAP50-95): 75% ━━━━━━━━━─── 6/8 13.0it/s 0.2s<0.2s[K                 Class     Images  Instances      Box(P          R      mAP50  mAP50-95): 100% ━━━━━━━━━━━━ 8/8 27.0it/s 0.3s
                   all        239        179        0.8      0.268      0.232       0.13
[34m[1mEarlyStopping: [0mTraining stopped early as no improvement observed in last 15 epochs. Best results observed at epoch 25, best model saved as best.pt.
To update EarlyStopping(patience=15) pass a new patience value, i.e. `patience=300` or use `patience=0` to disable EarlyStopping.

40 epochs completed in 0.059 hours.
Optimizer stripped from /work/users/ng739/cubesat/model/cubesat/yolo_model/runs/detect/models/smoke_detection_20260421_230439/weights/last.pt, 6.2MB
Optimizer stripped from /work/users/ng739/cubesat/model/cubesat/yolo_model/runs/detect/models/smoke_detection_20260421_230439/weights/best.pt, 6.2MB

Validating /work/users/ng739/cubesat/model/cubesat/yolo_model/runs/detect/models/smoke_detection_20260421_230439/weights/best.pt...
Ultralytics 8.4.41 🚀 Python-3.12.5 torch-2.5.1+rocm6.2 CUDA:0 (AMD Radeon Graphics, 65520MiB)
Model summary (fused): 73 layers, 3,005,843 parameters, 0 gradients, 8.1 GFLOPs
[K                 Class     Images  Instances      Box(P          R      mAP50  mAP50-95): 38% ━━━━──────── 3/8 3.5it/s 0.3s<1.4s[K                 Class     Images  Instances      Box(P          R      mAP50  mAP50-95): 62% ━━━━━━━───── 5/8 6.2it/s 0.4s<0.5s[K                 Class     Images  Instances      Box(P          R      mAP50  mAP50-95): 100% ━━━━━━━━━━━━ 8/8 15.8it/s 0.5s
                   all        239        179      0.735      0.341      0.305      0.155
Speed: 0.0ms preprocess, 0.5ms inference, 0.0ms loss, 0.3ms postprocess per image
Results saved to [1m/work/users/ng739/cubesat/model/cubesat/yolo_model/runs/detect/models/smoke_detection_20260421_230439[0m
[34m[1mMLflow: [0mresults logged to runs/mlflow
[34m[1mMLflow: [0mdisable with 'yolo settings mlflow=False'

 Saving best model...

============================================================
 Training completed!
============================================================

To run inference, use:
   python inference.py --model ./models/best.pt --image <path_to_image>
